Time,Comp984253,Comp916004,Comp127959,Comp620222,Comp107130,ActiveDirectory,Comp177326,Comp526669
0,0.0,1278.0,0.0,2.0,3.0,208999.0,0.0,0.0
1,0.0,3231.0,0.0,8.0,4.0,220734.0,0.0,14.0
2,0.0,1071.0,0.0,52.0,4.0,214362.0,0.0,41.0
3,0.0,443.0,0.0,0.0,3.0,195989.0,0.0,64.0
4,0.0,1039.0,0.0,0.0,5.0,210235.0,0.0,0.0
5,0.0,4472.0,0.0,0.0,7.0,194274.0,0.0,0.0
6,0.0,1173.0,0.0,6.0,7.0,203676.0,0.0,18.0
7,0.0,1210.0,0.0,0.0,4.0,195858.0,0.0,0.0
8,0.0,518.0,0.0,26.0,5.0,231691.0,0.0,145.0
9,0.0,4191.0,0.0,19.0,3.0,205775.0,0.0,1.0
10,0.0,614.0,0.0,66.0,4.0,197780.0,0.0,31.0
11,0.0,567.0,0.0,18.0,4.0,389368.0,0.0,0.0
12,0.0,1127.0,0.0,4.0,3.0,278774.0,0.0,13.0
13,0.0,1977.0,0.0,2.0,5.0,458521.0,0.0,63.0
14,0.0,3353.0,0.0,0.0,4.0,198632.0,0.0,0.0
15,0.0,1600.0,0.0,0.0,3.0,302068.0,0.0,27.0
16,0.0,802.0,0.0,44.0,3.0,216048.0,0.0,256.0
17,0.0,800.0,0.0,0.0,3.0,215619.0,0.0,3.0
18,0.0,1062.0,0.0,17.0,3.0,193386.0,0.0,0.0
19,0.0,1418.0,0.0,0.0,3.0,342158.0,0.0,63.0
20,0.0,645.0,0.0,0.0,3.0,204040.0,0.0,36.0
21,0.0,1279.0,0.0,121.0,3.0,206969.0,0.0,15.0
22,0.0,748.0,0.0,0.0,4.0,191149.0,0.0,1.0
23,0.0,511.0,0.0,0.0,3.0,233121.0,0.0,1.0
24,0.0,1014.0,0.0,2.0,5.0,249931.0,0.0,0.0
25,0.0,4798.0,0.0,10.0,4.0,259101.0,0.0,262.0
26,0.0,1280.0,0.0,97.0,5.0,261900.0,0.0,39.0
27,0.0,400.0,0.0,0.0,4.0,248234.0,1.0,68.0
28,0.0,1052.0,0.0,0.0,29.0,252137.0,4.0,0.0
29,0.0,4443.0,0.0,0.0,4.0,237597.0,0.0,0.0
30,0.0,1446.0,0.0,5.0,12.0,236292.0,30.0,1.0
31,0.0,1073.0,0.0,2.0,10.0,248576.0,0.0,1.0
32,0.0,924.0,0.0,42.0,6.0,267317.0,0.0,0.0
33,0.0,573.0,0.0,0.0,6.0,257897.0,8.0,5.0
34,0.0,427.0,0.0,50.0,4.0,245917.0,14.0,64.0
35,0.0,2094.0,0.0,3.0,3.0,442716.0,5.0,0.0
36,0.0,1374.0,0.0,7.0,5.0,258981.0,0.0,30.0
37,0.0,1705.0,0.0,6.0,6.0,492488.0,0.0,0.0
38,0.0,957.0,0.0,0.0,5.0,244079.0,0.0,0.0
39,0.0,1975.0,0.0,0.0,6.0,344669.0,5.0,23.0
40,0.0,1128.0,0.0,182.0,5.0,254063.0,3.0,366.0
41,0.0,1938.0,0.0,4.0,3.0,321692.0,2.0,33.0
42,0.0,637.0,0.0,0.0,5.0,227744.0,0.0,0.0
43,0.0,1582.0,0.0,0.0,7.0,380291.0,0.0,0.0
44,0.0,554.0,0.0,2.0,4.0,246112.0,0.0,80.0
45,0.0,1795.0,0.0,358.0,4.0,255714.0,0.0,22.0
46,0.0,5724.0,0.0,2.0,5.0,244220.0,2.0,1.0
47,0.0,879.0,0.0,0.0,3.0,287918.0,0.0,4.0
48,0.0,849.0,0.0,0.0,4.0,259808.0,0.0,2.0
49,0.0,1173.0,0.0,2.0,5.0,263482.0,0.0,239.0
50,0.0,1358.0,0.0,90.0,11.0,257561.0,0.0,54.0
51,0.0,252.0,0.0,0.0,6.0,242767.0,0.0,76.0
52,0.0,532.0,0.0,0.0,52.0,263603.0,0.0,0.0
53,0.0,2554.0,0.0,4.0,4.0,240634.0,0.0,3.0
54,0.0,1073.0,0.0,0.0,17.0,337929.0,0.0,5.0
55,0.0,1620.0,0.0,4.0,3.0,240220.0,0.0,2.0
56,0.0,2652.0,0.0,26.0,5.0,256811.0,0.0,2.0
57,0.0,975.0,0.0,0.0,6.0,236941.0,0.0,0.0
58,0.0,446.0,0.0,29.0,4.0,237691.0,0.0,52.0
59,0.0,967.0,0.0,2.0,5.0,501951.0,0.0,2.0
60,0.0,910.0,0.0,2.0,7.0,315344.0,0.0,2.0
61,0.0,1686.0,0.0,3.0,6.0,511616.0,0.0,0.0
62,0.0,1268.0,0.0,0.0,5.0,255504.0,0.0,0.0
63,0.0,1596.0,0.0,0.0,4.0,249171.0,0.0,27.0
64,0.0,517.0,0.0,202.0,4.0,259987.0,0.0,380.0
65,0.0,1509.0,0.0,1.0,5.0,382229.0,0.0,24.0
66,0.0,334.0,0.0,0.0,12.0,237570.0,0.0,0.0
67,0.0,1197.0,0.0,1.0,4.0,257743.0,0.0,0.0
68,0.0,848.0,0.0,0.0,4.0,247365.0,0.0,65.0
69,0.0,2001.0,0.0,424.0,5.0,234092.0,0.0,24.0
70,0.0,4836.0,0.0,0.0,3.0,254482.0,0.0,3.0
71,0.0,967.0,0.0,0.0,3.0,278373.0,0.0,2.0
72,0.0,691.0,0.0,0.0,9.0,245766.0,0.0,19.0
73,0.0,5153.0,0.0,0.0,4.0,264482.0,111.0,235.0
74,0.0,1446.0,0.0,97.0,4.0,260477.0,10.0,73.0
75,0.0,712.0,0.0,0.0,4.0,241495.0,181.0,72.0
76,0.0,1143.0,0.0,0.0,7.0,253640.0,8.0,1.0
77,0.0,2331.0,0.0,0.0,5.0,246513.0,0.0,0.0
78,0.0,1106.0,0.0,0.0,34.0,336106.0,0.0,5.0
79,0.0,1244.0,0.0,0.0,4.0,243456.0,30.0,1.0
80,0.0,782.0,0.0,23.0,7.0,241288.0,0.0,1.0
81,0.0,1826.0,0.0,0.0,4.0,271251.0,0.0,0.0
82,0.0,958.0,0.0,0.0,3.0,246564.0,51.0,40.0
83,0.0,5638.0,0.0,18.0,4.0,248339.0,15.0,0.0
84,0.0,1333.0,0.0,3.0,4.0,311814.0,0.0,63.0
85,0.0,1799.0,0.0,3.0,5.0,510120.0,0.0,0.0
86,0.0,1425.0,0.0,0.0,4.0,250744.0,0.0,0.0
87,0.0,1577.0,0.0,0.0,3.0,335401.0,0.0,24.0
88,0.0,489.0,0.0,226.0,13.0,265980.0,0.0,394.0
89,0.0,1352.0,0.0,0.0,6.0,361882.0,0.0,1.0
90,0.0,486.0,0.0,0.0,14.0,226229.0,13.0,0.0
91,0.0,1566.0,0.0,0.0,3.0,256397.0,1.0,0.0
92,0.0,944.0,0.0,63.0,3.0,243993.0,0.0,65.0
93,0.0,2379.0,0.0,45.0,4.0,234624.0,0.0,25.0
94,0.0,4543.0,0.0,0.0,4.0,243964.0,0.0,1.0
95,0.0,928.0,0.0,0.0,6.0,286705.0,0.0,1.0
96,0.0,1284.0,0.0,3.0,5.0,220076.0,1.0,0.0
97,0.0,1242.0,0.0,0.0,4.0,276659.0,0.0,0.0
98,0.0,1806.0,0.0,212.0,4.0,220809.0,0.0,4.0
99,0.0,2294.0,0.0,0.0,4.0,229334.0,52.0,10.0
100,0.0,1285.0,0.0,92.0,7.0,222090.0,15.0,42.0
101,0.0,1604.0,0.0,2.0,3.0,212801.0,0.0,18.0
102,0.0,24085.0,0.0,0.0,7.0,216459.0,0.0,0.0
103,0.0,1960.0,0.0,0.0,5.0,213305.0,0.0,93.0
104,0.0,1016.0,0.0,0.0,5.0,211990.0,7.0,388.0
105,0.0,1295.0,0.0,0.0,5.0,215570.0,13.0,0.0
106,0.0,1102.0,0.0,0.0,15.0,299158.0,0.0,44.0
107,0.0,4630.0,0.0,0.0,5.0,210497.0,0.0,0.0
108,0.0,1471.0,0.0,1.0,6.0,479985.0,344.0,1.0
109,0.0,1150.0,0.0,0.0,4.0,291537.0,3.0,0.0
110,0.0,3255.0,0.0,2.0,5.0,252077.0,13.0,5.0
111,0.0,1371.0,0.0,0.0,4.0,218926.0,0.0,0.0
112,0.0,1150.0,0.0,0.0,4.0,260090.0,0.0,11.0
113,0.0,1318.0,0.0,22.0,4.0,226384.0,0.0,1.0
114,0.0,947.0,0.0,418.0,5.0,233076.0,0.0,213.0
115,0.0,3017.0,0.0,52.0,6.0,239416.0,0.0,26.0
116,0.0,16256.0,0.0,0.0,16.0,370758.0,103.0,40.0
117,0.0,900.0,0.0,0.0,5.0,204488.0,36.0,1.0
118,0.0,1488.0,0.0,0.0,5.0,249008.0,2.0,1.0
119,0.0,627.0,0.0,1.0,7.0,208324.0,24.0,1.0
120,0.0,894.0,0.0,0.0,9.0,192241.0,0.0,0.0
121,0.0,982.0,0.0,2.0,3.0,252723.0,0.0,0.0
122,0.0,2238.0,0.0,0.0,4.0,189270.0,0.0,223.0
123,0.0,1725.0,0.0,0.0,4.0,438726.0,60.0,3.0
124,0.0,925.0,0.0,97.0,6.0,197683.0,0.0,24.0
125,0.0,666.0,0.0,0.0,5.0,188563.0,0.0,6.0
126,0.0,814.0,0.0,0.0,5.0,171624.0,0.0,22.0
127,0.0,890.0,0.0,0.0,8.0,183206.0,0.0,94.0
128,0.0,788.0,0.0,0.0,4.0,181690.0,0.0,364.0
129,0.0,1020.0,0.0,220.0,5.0,182829.0,17.0,0.0
130,0.0,797.0,0.0,0.0,2.0,271240.0,0.0,2.0
131,0.0,1026.0,0.0,0.0,4.0,181584.0,0.0,0.0
132,0.0,1129.0,0.0,0.0,8.0,195354.0,377.0,1.0
133,0.0,928.0,0.0,2.0,4.0,288669.0,0.0,0.0
134,0.0,3027.0,0.0,0.0,4.0,215933.0,0.0,1.0
135,0.0,1409.0,0.0,0.0,5.0,192400.0,0.0,0.0
136,0.0,718.0,0.0,0.0,7.0,207935.0,0.0,0.0
137,0.0,2165.0,0.0,22.0,4.0,181492.0,0.0,0.0
138,0.0,645.0,0.0,23.0,3.0,186520.0,0.0,0.0
139,0.0,927.0,0.0,24.0,3.0,194390.0,0.0,21.0
140,0.0,3968.0,0.0,0.0,13.0,434245.0,0.0,1.0
141,0.0,306.0,0.0,0.0,4.0,176040.0,37.0,1.0
142,0.0,835.0,0.0,0.0,5.0,215187.0,0.0,1.0
143,0.0,340.0,0.0,0.0,4.0,175313.0,0.0,0.0
144,0.0,829.0,0.0,0.0,5.0,193255.0,0.0,0.0
145,0.0,1065.0,0.0,3.0,4.0,250262.0,0.0,0.0
146,0.0,1941.0,0.0,206.0,5.0,184496.0,0.0,194.0
147,0.0,353.0,0.0,0.0,4.0,446591.0,66.0,2.0
148,0.0,655.0,0.0,94.0,5.0,202496.0,0.0,24.0
149,0.0,545.0,0.0,2.0,4.0,189217.0,0.0,4.0
150,0.0,1116.0,0.0,0.0,6.0,170189.0,0.0,19.0
151,0.0,869.0,0.0,0.0,4.0,184123.0,0.0,93.0
152,0.0,627.0,0.0,0.0,5.0,181261.0,0.0,386.0
153,0.0,794.0,0.0,0.0,6.0,178466.0,21.0,0.0
154,0.0,687.0,0.0,0.0,5.0,258346.0,0.0,2.0
155,0.0,5614.0,0.0,0.0,3.0,175620.0,0.0,0.0
156,0.0,560.0,0.0,1.0,4.0,199992.0,351.0,1.0
157,0.0,1900.0,0.0,0.0,6.0,277619.0,0.0,0.0
158,0.0,1792.0,0.0,0.0,4.0,222690.0,0.0,64.0
159,0.0,784.0,0.0,0.0,4.0,193377.0,0.0,0.0
160,0.0,317.0,0.0,0.0,5.0,233492.0,0.0,2.0
161,0.0,438.0,0.0,23.0,4.0,172416.0,0.0,18.0
162,0.0,800.0,0.0,27.0,7.0,176820.0,0.0,0.0
163,0.0,5472.0,0.0,24.0,6.0,188563.0,0.0,21.0
164,0.0,2948.0,0.0,0.0,5.0,241289.0,0.0,0.0
165,0.0,633.0,0.0,18.0,4.0,173911.0,26.0,0.0
166,0.0,2112.0,0.0,67.0,4.0,204709.0,0.0,0.0
167,0.0,462.0,0.0,0.0,2.0,169344.0,0.0,0.0
168,0.0,969.0,0.0,0.0,4.0,249023.0,2.0,1.0
169,0.0,2397.0,0.0,0.0,3.0,261045.0,8.0,235.0
170,0.0,1379.0,0.0,81.0,5.0,252895.0,49.0,20.0
171,0.0,579.0,0.0,0.0,5.0,239379.0,0.0,74.0
172,0.0,1257.0,0.0,0.0,43.0,257814.0,12.0,0.0
173,0.0,5124.0,0.0,0.0,3.0,236313.0,0.0,0.0
174,0.0,782.0,0.0,1.0,24.0,309917.0,292.0,3.0
175,0.0,1503.0,0.0,0.0,4.0,236300.0,0.0,1.0
176,0.0,515.0,0.0,19.0,10.0,253627.0,0.0,1.0
177,0.0,801.0,0.0,0.0,6.0,242936.0,31.0,0.0
178,0.0,512.0,0.0,21.0,4.0,238090.0,0.0,46.0
179,0.0,1659.0,0.0,0.0,11.0,251458.0,13.0,7.0
180,0.0,1196.0,0.0,2.0,17.0,310231.0,86.0,2.0
181,0.0,1513.0,0.0,205.0,3.0,265325.0,52.0,19.0
182,0.0,661.0,0.0,0.0,7.0,246988.0,18.0,0.0
183,0.0,5435.0,0.0,0.0,4.0,247465.0,65.0,35.0
184,0.0,874.0,0.0,0.0,3.0,272172.0,18.0,380.0
185,0.0,1329.0,0.0,0.0,4.0,362967.0,4.0,23.0
186,0.0,848.0,0.0,25.0,3.0,280399.0,2.0,0.0
187,0.0,1035.0,0.0,0.0,4.0,249343.0,0.0,0.0
188,0.0,908.0,0.0,2.0,5.0,235489.0,0.0,65.0
189,0.0,1827.0,0.0,432.0,4.0,233106.0,0.0,25.0
190,0.0,3684.0,0.0,0.0,3.0,233993.0,6.0,1.0
191,0.0,1367.0,0.0,0.0,6.0,226699.0,0.0,15.0
192,0.0,967.0,0.0,0.0,4.0,268567.0,1.0,0.0
193,0.0,2884.0,0.0,0.0,4.0,261841.0,0.0,259.0
194,0.0,1528.0,0.0,102.0,4.0,261214.0,0.0,22.0
195,0.0,408.0,0.0,0.0,5.0,246087.0,0.0,66.0
196,0.0,1149.0,0.0,0.0,52.0,255736.0,12.0,0.0
197,0.0,1274.0,0.0,0.0,4.0,254170.0,50.0,0.0
198,0.0,926.0,0.0,0.0,3.0,322083.0,28.0,5.0
199,0.0,1151.0,0.0,2.0,3.0,259894.0,0.0,0.0
200,0.0,762.0,0.0,23.0,5.0,251800.0,0.0,1.0
201,0.0,652.0,0.0,0.0,3.0,404173.0,0.0,0.0
202,0.0,1156.0,0.0,21.0,4.0,235152.0,21.0,46.0
203,0.0,1100.0,0.0,0.0,3.0,251360.0,5.0,10.0
204,0.0,1244.0,0.0,3.0,5.0,355030.0,0.0,18.0
205,0.0,1567.0,0.0,0.0,4.0,261582.0,0.0,0.0
206,0.0,1214.0,0.0,0.0,6.0,261279.0,0.0,0.0
207,0.0,1639.0,0.0,0.0,5.0,308102.0,2.0,25.0
208,0.0,645.0,0.0,216.0,3.0,276615.0,3.0,404.0
209,0.0,1893.0,0.0,0.0,5.0,361524.0,2.0,1.0
210,0.0,546.0,0.0,0.0,4.0,239389.0,0.0,0.0
211,0.0,219.0,0.0,0.0,5.0,254367.0,0.0,0.0
212,0.0,1164.0,0.0,3.0,5.0,249137.0,0.0,77.0
213,0.0,2094.0,0.0,424.0,3.0,236027.0,0.0,20.0
214,0.0,3375.0,0.0,0.0,4.0,244951.0,2.0,1.0
215,0.0,1075.0,0.0,0.0,4.0,276874.0,8.0,0.0
216,0.0,865.0,0.0,0.0,6.0,259605.0,1.0,2.0
217,0.0,1933.0,0.0,65.0,3.0,275982.0,0.0,230.0
218,0.0,1654.0,0.0,95.0,3.0,266473.0,3.0,14.0
219,0.0,383.0,0.0,0.0,12.0,255209.0,18.0,70.0
220,0.0,801.0,0.0,0.0,12.0,278366.0,0.0,0.0
221,0.0,2317.0,0.0,1.0,4.0,270059.0,3.0,0.0
222,0.0,1052.0,0.0,0.0,17.0,348114.0,60.0,22.0
223,0.0,1606.0,0.0,0.0,4.0,287203.0,0.0,2.0
224,0.0,1266.0,0.0,27.0,4.0,307310.0,1.0,1.0
225,0.0,921.0,0.0,0.0,6.0,292683.0,0.0,0.0
226,0.0,3517.0,0.0,39.0,4.0,253293.0,16.0,30.0
227,0.0,3353.0,0.0,3.0,3.0,255008.0,9.0,7.0
228,0.0,1201.0,0.0,2.0,14.0,411906.0,12.0,12.0
229,0.0,1766.0,0.0,235.0,5.0,522798.0,0.0,63.0
230,0.0,1045.0,0.0,0.0,6.0,276760.0,18.0,0.0
231,0.0,1654.0,0.0,0.0,7.0,392254.0,9.0,28.0
232,0.0,664.0,0.0,0.0,4.0,286208.0,7.0,452.0
233,0.0,1456.0,0.0,1.0,5.0,381756.0,0.0,0.0
234,0.0,887.0,0.0,208.0,4.0,258587.0,2.0,0.0
235,0.0,559.0,0.0,0.0,3.0,452958.0,0.0,0.0
236,0.0,942.0,0.0,0.0,4.0,275001.0,0.0,55.0
237,0.0,2147.0,0.0,412.0,3.0,270691.0,2.0,24.0
238,0.0,2746.0,0.0,0.0,4.0,401853.0,0.0,1.0
239,0.0,1394.0,0.0,19.0,6.0,293974.0,0.0,172.0
240,0.0,1107.0,0.0,0.0,5.0,267156.0,0.0,1.0
241,0.0,3861.0,0.0,0.0,4.0,266851.0,0.0,180.0
242,0.0,1201.0,0.0,41.0,4.0,256935.0,0.0,24.0
243,0.0,798.0,0.0,0.0,4.0,240442.0,0.0,47.0
244,0.0,719.0,0.0,0.0,4.0,257691.0,0.0,1.0
245,0.0,6133.0,0.0,0.0,3.0,283128.0,0.0,0.0
246,0.0,1294.0,0.0,0.0,5.0,416787.0,0.0,7.0
247,0.0,1697.0,0.0,0.0,5.0,256467.0,0.0,1.0
248,0.0,2084.0,0.0,10.0,3.0,249931.0,0.0,2.0
249,0.0,2439.0,0.0,0.0,4.0,279412.0,0.0,0.0
250,0.0,869.0,0.0,8.0,18.0,235364.0,0.0,39.0
251,0.0,797.0,0.0,0.0,9.0,249758.0,0.0,11.0
252,0.0,1360.0,0.0,1.0,4.0,399767.0,0.0,18.0
253,0.0,1637.0,0.0,91.0,3.0,503714.0,0.0,0.0
254,0.0,1713.0,0.0,0.0,3.0,260505.0,0.0,0.0
255,0.0,2001.0,0.0,0.0,5.0,378882.0,0.0,26.0
256,0.0,932.0,0.0,0.0,5.0,255786.0,0.0,309.0
257,0.0,1326.0,0.0,0.0,6.0,378149.0,0.0,0.0
258,0.0,2118.0,0.0,257.0,6.0,242015.0,0.0,0.0
259,0.0,471.0,0.0,0.0,4.0,279400.0,0.0,0.0
260,0.0,4038.0,0.0,1.0,4.0,257809.0,0.0,77.0
261,0.0,1908.0,0.0,168.0,4.0,257019.0,0.0,17.0
262,0.0,1753.0,0.0,0.0,4.0,245140.0,0.0,0.0
263,0.0,914.0,0.0,0.0,6.0,287894.0,0.0,267.0
264,0.0,2829.0,0.0,0.0,4.0,224970.0,0.0,0.0
265,0.0,2185.0,0.0,0.0,5.0,364133.0,0.0,0.0
266,0.0,3411.0,0.0,0.0,4.0,254798.0,0.0,0.0
267,0.0,1748.0,0.0,0.0,3.0,478037.0,0.0,0.0
268,0.0,1997.0,0.0,0.0,6.0,225090.0,0.0,0.0
269,0.0,3211.0,0.0,0.0,2.0,208042.0,0.0,0.0
270,0.0,2386.0,0.0,0.0,4.0,210254.0,0.0,0.0
271,0.0,1956.0,0.0,0.0,3.0,215523.0,0.0,0.0
272,0.0,3106.0,0.0,0.0,3.0,220988.0,0.0,0.0
273,0.0,2287.0,0.0,0.0,3.0,278727.0,0.0,0.0
274,0.0,2099.0,0.0,0.0,10.0,334396.0,0.0,0.0
275,0.0,2582.0,0.0,0.0,2.0,208218.0,0.0,0.0
276,0.0,1061.0,0.0,0.0,4.0,243384.0,0.0,0.0
277,0.0,1051.0,0.0,0.0,4.0,337499.0,0.0,0.0
278,0.0,1927.0,0.0,0.0,10.0,409620.0,0.0,0.0
279,0.0,1516.0,0.0,0.0,4.0,236448.0,0.0,0.0
280,0.0,1416.0,0.0,0.0,4.0,222155.0,0.0,0.0
281,0.0,3372.0,0.0,0.0,6.0,228686.0,0.0,0.0
282,0.0,4041.0,0.0,0.0,3.0,220653.0,0.0,0.0
283,0.0,3124.0,0.0,0.0,3.0,223787.0,0.0,0.0
284,0.0,8603.0,0.0,0.0,4.0,211187.0,0.0,0.0
285,0.0,1937.0,0.0,0.0,2.0,205685.0,0.0,0.0
286,0.0,2051.0,0.0,0.0,1.0,195997.0,0.0,0.0
287,0.0,1444.0,0.0,0.0,3.0,218347.0,0.0,0.0
288,0.0,662.0,0.0,0.0,3.0,192682.0,0.0,0.0
289,0.0,836.0,0.0,0.0,3.0,231688.0,0.0,0.0
290,0.0,1631.0,0.0,0.0,3.0,152459.0,0.0,0.0
291,0.0,393.0,0.0,0.0,2.0,168230.0,0.0,0.0
292,0.0,548.0,0.0,0.0,4.0,151072.0,0.0,0.0
293,0.0,592.0,0.0,0.0,2.0,148158.0,0.0,0.0
294,0.0,886.0,0.0,0.0,1.0,144512.0,0.0,0.0
295,0.0,232.0,0.0,0.0,3.0,135610.0,0.0,0.0
296,0.0,1209.0,0.0,0.0,2.0,155195.0,0.0,0.0
297,0.0,319.0,0.0,0.0,17.0,138584.0,0.0,0.0
298,0.0,425.0,0.0,0.0,3.0,178607.0,0.0,0.0
299,0.0,2242.0,0.0,0.0,2.0,166702.0,0.0,0.0
300,0.0,312.0,0.0,0.0,3.0,413486.0,0.0,0.0
301,0.0,978.0,0.0,0.0,2.0,618893.0,0.0,0.0
302,0.0,600.0,0.0,0.0,2.0,319984.0,0.0,0.0
303,0.0,375.0,0.0,0.0,2.0,173959.0,0.0,0.0
304,0.0,1871.0,0.0,0.0,4.0,147320.0,0.0,0.0
305,0.0,1775.0,0.0,0.0,6.0,156920.0,0.0,0.0
306,0.0,743.0,0.0,0.0,4.0,154921.0,0.0,0.0
307,0.0,3274.0,0.0,0.0,3.0,146391.0,0.0,0.0
308,0.0,1872.0,0.0,0.0,2.0,135847.0,0.0,0.0
309,0.0,487.0,0.0,0.0,3.0,276214.0,0.0,0.0
310,0.0,174.0,0.0,0.0,4.0,132686.0,0.0,0.0
311,0.0,1738.0,0.0,0.0,3.0,348345.0,0.0,0.0
312,0.0,341.0,0.0,0.0,1.0,163703.0,0.0,0.0
313,0.0,149.0,0.0,0.0,2.0,371192.0,0.0,0.0
314,0.0,114.0,0.0,0.0,2.0,118093.0,0.0,0.0
315,0.0,618.0,0.0,0.0,2.0,610035.0,0.0,0.0
316,0.0,1410.0,0.0,0.0,12.0,116627.0,0.0,0.0
317,0.0,719.0,0.0,0.0,5.0,289849.0,0.0,0.0
318,0.0,179.0,0.0,0.0,3.0,125064.0,0.0,0.0
319,0.0,2972.0,0.0,0.0,3.0,144371.0,0.0,0.0
320,0.0,1196.0,0.0,0.0,5.0,223060.0,0.0,0.0
321,0.0,402.0,0.0,0.0,1.0,131699.0,0.0,0.0
322,0.0,289.0,0.0,0.0,3.0,135987.0,0.0,0.0
323,0.0,728.0,0.0,0.0,5.0,127501.0,0.0,0.0
324,0.0,967.0,0.0,0.0,1.0,113998.0,0.0,0.0
325,0.0,761.0,0.0,0.0,2.0,124325.0,0.0,0.0
326,0.0,576.0,0.0,0.0,4.0,129752.0,0.0,0.0
327,0.0,387.0,0.0,0.0,0.0,124277.0,0.0,0.0
328,0.0,297.0,0.0,0.0,7.0,127094.0,0.0,0.0
329,0.0,1851.0,0.0,0.0,2.0,123943.0,0.0,0.0
330,0.0,368.0,0.0,0.0,7.0,256874.0,0.0,0.0
331,0.0,210.0,0.0,0.0,3.0,112480.0,0.0,0.0
332,0.0,252.0,0.0,0.0,2.0,150719.0,0.0,0.0
333,0.0,1606.0,0.0,0.0,2.0,115134.0,0.0,0.0
334,0.0,4051.0,0.0,0.0,2.0,192856.0,0.0,0.0
335,0.0,2759.0,0.0,0.0,0.0,122256.0,0.0,0.0
336,0.0,288.0,0.0,0.0,0.0,168190.0,0.0,0.0
337,0.0,154.0,0.0,0.0,6.0,118465.0,0.0,0.0
338,0.0,206.0,0.0,0.0,3.0,127130.0,0.0,0.0
339,0.0,337.0,0.0,0.0,9.0,611206.0,0.0,0.0
340,0.0,1359.0,0.0,0.0,5.0,113300.0,0.0,0.0
341,0.0,476.0,0.0,0.0,3.0,289772.0,0.0,0.0
342,0.0,140.0,0.0,0.0,6.0,389788.0,0.0,0.0
343,0.0,442.0,0.0,0.0,4.0,143368.0,0.0,0.0
344,0.0,790.0,0.0,0.0,2.0,132201.0,0.0,0.0
345,0.0,443.0,0.0,0.0,4.0,134728.0,0.0,0.0
346,0.0,5071.0,0.0,0.0,1.0,158283.0,0.0,0.0
347,0.0,332.0,0.0,0.0,4.0,133131.0,0.0,0.0
348,0.0,1146.0,0.0,0.0,2.0,111799.0,0.0,0.0
349,0.0,712.0,0.0,0.0,6.0,131634.0,0.0,0.0
350,0.0,1116.0,0.0,0.0,2.0,113745.0,0.0,0.0
351,0.0,1562.0,0.0,0.0,8.0,259469.0,0.0,0.0
352,0.0,330.0,0.0,0.0,3.0,131631.0,0.0,0.0
353,0.0,2812.0,0.0,0.0,5.0,138581.0,0.0,0.0
354,0.0,483.0,0.0,0.0,4.0,337220.0,0.0,0.0
355,0.0,201.0,0.0,0.0,3.0,118848.0,0.0,0.0
356,0.0,472.0,0.0,0.0,0.0,114661.0,0.0,0.0
357,0.0,528.0,0.0,0.0,2.0,148749.0,0.0,0.0
358,0.0,295.0,0.0,0.0,3.0,127810.0,0.0,0.0
359,0.0,2602.0,0.0,0.0,1.0,329609.0,0.0,0.0
360,0.0,528.0,0.0,0.0,3.0,237142.0,0.0,0.0
361,0.0,2407.0,0.0,0.0,5.0,229103.0,0.0,250.0
362,0.0,1342.0,0.0,0.0,3.0,239463.0,0.0,30.0
363,0.0,460.0,0.0,0.0,4.0,209213.0,0.0,51.0
364,0.0,727.0,0.0,0.0,3.0,231798.0,0.0,0.0
365,0.0,1283.0,0.0,0.0,3.0,336440.0,0.0,0.0
366,0.0,1008.0,0.0,0.0,5.0,398086.0,0.0,3.0
367,0.0,1181.0,0.0,0.0,3.0,238018.0,0.0,19.0
368,0.0,661.0,0.0,0.0,5.0,240546.0,0.0,2.0
369,0.0,1240.0,0.0,0.0,3.0,228651.0,0.0,2.0
370,0.0,3431.0,0.0,0.0,5.0,219697.0,0.0,64.0
371,0.0,924.0,0.0,0.0,3.0,224531.0,0.0,15.0
372,0.0,1012.0,0.0,0.0,5.0,262897.0,0.0,40.0
373,0.0,1747.0,0.0,0.0,3.0,232206.0,0.0,0.0
374,0.0,629.0,0.0,0.0,10.0,226186.0,0.0,0.0
375,0.0,3956.0,0.0,0.0,7.0,363116.0,0.0,54.0
376,0.0,785.0,0.0,0.0,5.0,283821.0,0.0,417.0
377,0.0,820.0,0.0,0.0,3.0,308775.0,0.0,4.0
378,0.0,952.0,0.0,0.0,13.0,233321.0,0.0,0.0
379,0.0,501.0,0.0,0.0,5.0,393002.0,0.0,3.0
380,0.0,2140.0,0.0,0.0,5.0,233637.0,0.0,65.0
381,0.0,2257.0,0.0,0.0,4.0,229631.0,0.0,17.0
382,0.0,2525.0,0.0,0.0,3.0,490995.0,0.0,2.0
383,0.0,1278.0,0.0,0.0,3.0,238659.0,0.0,3.0
384,0.0,1746.0,0.0,0.0,4.0,251171.0,0.0,0.0
385,0.0,5195.0,0.0,0.0,4.0,255840.0,0.0,236.0
386,0.0,1673.0,0.0,0.0,3.0,264360.0,0.0,27.0
387,0.0,911.0,0.0,0.0,6.0,238302.0,0.0,70.0
388,0.0,2002.0,0.0,0.0,7.0,250302.0,0.0,0.0
389,0.0,2706.0,0.0,0.0,4.0,274312.0,0.0,1.0
390,0.0,1634.0,0.0,0.0,8.0,596423.0,0.0,1.0
391,0.0,1684.0,0.0,0.0,4.0,269841.0,0.0,1.0
392,0.0,1216.0,0.0,0.0,3.0,244005.0,0.0,1.0
393,0.0,4006.0,0.0,0.0,5.0,240564.0,0.0,0.0
394,0.0,1634.0,0.0,0.0,4.0,237604.0,0.0,54.0
395,0.0,574.0,0.0,0.0,17.0,242532.0,0.0,13.0
396,0.0,1762.0,0.0,0.0,4.0,259582.0,0.0,25.0
397,0.0,2062.0,0.0,0.0,3.0,264916.0,0.0,0.0
398,0.0,1043.0,0.0,0.0,6.0,247245.0,0.0,0.0
399,0.0,2044.0,0.0,0.0,3.0,345325.0,0.0,22.0
400,0.0,1405.0,0.0,0.0,4.0,248835.0,0.0,373.0
401,0.0,2357.0,0.0,0.0,4.0,364335.0,0.0,1.0
402,0.0,1194.0,0.0,0.0,10.0,229043.0,0.0,0.0
403,0.0,341.0,0.0,0.0,4.0,249526.0,0.0,0.0
404,0.0,1050.0,0.0,0.0,9.0,255423.0,0.0,67.0
405,0.0,2529.0,0.0,0.0,4.0,246227.0,0.0,24.0
406,0.0,2031.0,0.0,0.0,3.0,231768.0,0.0,0.0
407,0.0,1886.0,0.0,0.0,7.0,270135.0,0.0,1.0
408,0.0,906.0,0.0,0.0,6.0,248083.0,151.0,0.0
409,0.0,1207.0,0.0,0.0,5.0,244574.0,0.0,249.0
410,0.0,1271.0,0.0,0.0,3.0,257364.0,10.0,21.0
411,0.0,623.0,0.0,0.0,7.0,237730.0,38.0,79.0
412,0.0,1547.0,0.0,0.0,3.0,245463.0,2.0,0.0
413,0.0,2841.0,0.0,0.0,4.0,381189.0,0.0,1.0
414,0.0,1286.0,0.0,0.0,4.0,315166.0,0.0,1.0
415,0.0,1405.0,0.0,0.0,4.0,256723.0,0.0,0.0
416,0.0,1246.0,0.0,0.0,4.0,243341.0,0.0,2.0
417,0.0,633.0,0.0,0.0,7.0,255463.0,0.0,0.0
418,0.0,1501.0,0.0,0.0,16.0,229556.0,8.0,34.0
419,0.0,730.0,0.0,0.0,9.0,243820.0,3.0,11.0
420,0.0,951.0,0.0,0.0,9.0,254943.0,27.0,16.0
421,0.0,1830.0,0.0,0.0,6.0,555462.0,0.0,1.0
422,0.0,1053.0,0.0,0.0,7.0,243559.0,32.0,0.0
423,0.0,1553.0,0.0,0.0,5.0,247901.0,0.0,27.0
424,0.0,1276.0,0.0,0.0,6.0,290075.0,3.0,396.0
425,0.0,814.0,0.0,0.0,3.0,375588.0,0.0,2.0
426,0.0,861.0,0.0,0.0,4.0,238037.0,3.0,0.0
427,0.0,440.0,0.0,0.0,3.0,251151.0,0.0,0.0
428,0.0,811.0,0.0,0.0,8.0,239889.0,0.0,64.0
429,0.0,2226.0,0.0,0.0,3.0,239888.0,1.0,25.0
430,0.0,2092.0,0.0,0.0,3.0,232112.0,1.0,0.0
431,0.0,749.0,0.0,0.0,7.0,288003.0,8.0,1.0
432,0.0,2650.0,0.0,0.0,15.0,221314.0,0.0,18.0
433,0.0,3578.0,0.0,0.0,10.0,209304.0,0.0,1.0
434,0.0,116028.0,0.0,0.0,34.0,206208.0,0.0,0.0
435,0.0,5280.0,0.0,0.0,12.0,224973.0,0.0,218.0
436,0.0,4373.0,0.0,0.0,15.0,213663.0,0.0,72.0
437,0.0,1364.0,0.0,0.0,13.0,212198.0,0.0,0.0
438,0.0,2845.0,0.0,0.0,9.0,193175.0,0.0,0.0
439,0.0,1488.0,0.0,0.0,12.0,221358.0,0.0,92.0
440,0.0,1943.0,0.0,0.0,10.0,194002.0,0.0,390.0
441,0.0,2740.0,0.0,0.0,15.0,207921.0,0.0,0.0
442,0.0,1779.0,0.0,0.0,5.0,332284.0,0.0,18.0
443,2.0,2329.0,0.0,0.0,6.0,311013.0,0.0,0.0
444,0.0,2764.0,0.0,0.0,11.0,522089.0,0.0,0.0
445,0.0,3945.0,0.0,0.0,9.0,336137.0,0.0,1.0
446,0.0,3009.0,0.0,0.0,14.0,246476.0,0.0,1.0
447,0.0,3927.0,0.0,0.0,23.0,235409.0,0.0,0.0
448,0.0,2408.0,0.0,0.0,9.0,224866.0,0.0,9.0
449,0.0,4061.0,0.0,0.0,12.0,220561.0,0.0,48.0
450,0.0,3086.0,0.0,0.0,11.0,212291.0,0.0,0.0
451,0.0,4017.0,0.0,0.0,7.0,220672.0,0.0,42.0
452,0.0,1648.0,0.0,0.0,6.0,210994.0,0.0,45.0
453,0.0,113619.0,0.0,0.0,4.0,196110.0,0.0,0.0
454,0.0,2611.0,0.0,0.0,24.0,187692.0,0.0,1.0
455,0.0,4061.0,0.0,0.0,15.0,222664.0,0.0,11.0
456,0.0,2306.0,0.0,0.0,8.0,169544.0,0.0,0.0
457,0.0,5994.0,0.0,0.0,49.0,174322.0,0.0,1.0
458,0.0,169488.0,0.0,0.0,18.0,171554.0,0.0,198.0
459,0.0,1147.0,0.0,0.0,21.0,472691.0,0.0,0.0
460,0.0,4216.0,0.0,0.0,39.0,180834.0,0.0,0.0
461,0.0,2481.0,0.0,0.0,19.0,165726.0,0.0,6.0
462,0.0,2910.0,0.0,0.0,9.0,151913.0,0.0,27.0
463,0.0,3401.0,0.0,0.0,28.0,174998.0,0.0,64.0
464,0.0,3085.0,0.0,0.0,24.0,174554.0,0.0,0.0
465,0.0,2406.0,0.0,0.0,13.0,152667.0,0.0,0.0
466,0.0,3915.0,0.0,0.0,15.0,283363.0,0.0,2.0
467,0.0,5566.0,0.0,0.0,5.0,259579.0,0.0,0.0
468,0.0,9331.0,0.0,0.0,14.0,190400.0,0.0,0.0
469,0.0,5216.0,0.0,0.0,20.0,294630.0,0.0,0.0
470,0.0,2836.0,0.0,0.0,16.0,202116.0,0.0,63.0
471,0.0,4004.0,0.0,0.0,35.0,193083.0,0.0,0.0
472,0.0,3544.0,0.0,0.0,27.0,184031.0,0.0,3.0
473,0.0,1993.0,0.0,0.0,23.0,160669.0,0.0,42.0
474,0.0,1771.0,0.0,0.0,10.0,161509.0,0.0,0.0
475,0.0,6346.0,0.0,0.0,22.0,188099.0,0.0,19.0
476,0.0,3173.0,0.0,0.0,14.0,252064.0,0.0,0.0
477,0.0,161240.0,0.0,0.0,13.0,156896.0,0.0,1.0
478,0.0,2885.0,0.0,0.0,25.0,146020.0,0.0,0.0
479,0.0,2778.0,0.0,0.0,23.0,161918.0,0.0,4.0
480,0.0,1763.0,0.0,0.0,10.0,187409.0,0.0,0.0
481,0.0,5520.0,0.0,0.0,33.0,175122.0,0.0,1.0
482,0.0,4227.0,0.0,0.0,20.0,175200.0,0.0,211.0
483,0.0,3110.0,0.0,0.0,14.0,479316.0,0.0,0.0
484,0.0,2716.0,0.0,0.0,32.0,187806.0,0.0,0.0
485,0.0,2199.0,0.0,0.0,22.0,179489.0,0.0,4.0
486,0.0,1877.0,0.0,0.0,19.0,167813.0,0.0,23.0
487,0.0,2163.0,0.0,0.0,21.0,168662.0,0.0,70.0
488,0.0,4511.0,0.0,0.0,21.0,186949.0,0.0,0.0
489,0.0,2361.0,0.0,0.0,22.0,172831.0,0.0,0.0
490,0.0,2765.0,0.0,0.0,21.0,288539.0,0.0,2.0
491,0.0,3715.0,0.0,0.0,23.0,195393.0,0.0,0.0
492,0.0,7379.0,0.0,0.0,17.0,199656.0,0.0,0.0
493,0.0,4587.0,0.0,0.0,220.0,302211.0,0.0,0.0
494,0.0,2296.0,0.0,0.0,20.0,214780.0,0.0,0.0
495,0.0,3790.0,0.0,0.0,15.0,203817.0,0.0,0.0
496,0.0,183652.0,0.0,0.0,13.0,185758.0,0.0,2.0
497,0.0,1732.0,0.0,0.0,14.0,172885.0,0.0,19.0
498,0.0,2075.0,0.0,0.0,15.0,172679.0,0.0,0.0
499,0.0,3111.0,0.0,0.0,16.0,186509.0,0.0,23.0
500,0.0,178105.0,0.0,0.0,111.0,166839.0,0.0,1.0
501,0.0,826.0,0.0,0.0,7.0,160332.0,0.0,1.0
502,0.0,2266.0,0.0,0.0,13.0,262556.0,0.0,0.0
503,0.0,3713.0,0.0,0.0,22.0,337040.0,0.0,2.0
504,0.0,3670.0,0.0,0.0,23.0,251712.0,0.0,0.0
505,0.0,187844.0,0.0,0.0,9.0,239644.0,2.0,264.0
506,0.0,5007.0,0.0,0.0,30.0,251988.0,25.0,28.0
507,0.0,2180.0,0.0,0.0,11.0,233304.0,0.0,59.0
508,0.0,2782.0,0.0,0.0,10.0,243480.0,6.0,0.0
509,0.0,2540.0,0.0,0.0,11.0,269483.0,0.0,0.0
510,0.0,5101.0,0.0,0.0,20.0,307352.0,24.0,1.0
511,0.0,2768.0,0.0,0.0,15.0,262923.0,0.0,2.0
512,0.0,1987.0,0.0,0.0,9.0,253100.0,0.0,1.0
513,0.0,5168.0,0.0,0.0,11.0,236782.0,0.0,1.0
514,0.0,2445.0,0.0,0.0,9.0,236377.0,0.0,43.0
515,0.0,3627.0,0.0,0.0,37.0,257576.0,7.0,11.0
516,0.0,2701.0,0.0,0.0,14.0,257114.0,0.0,23.0
517,0.0,2708.0,0.0,0.0,8.0,546512.0,0.0,1.0
518,0.0,2072.0,0.0,0.0,7.0,239127.0,15.0,0.0
519,0.0,179797.0,0.0,0.0,10.0,218627.0,0.0,34.0
520,0.0,2980.0,0.0,0.0,11.0,311843.0,0.0,388.0
521,0.0,2658.0,0.0,0.0,9.0,362828.0,2.0,1.0
522,0.0,4192.0,0.0,0.0,39.0,238771.0,63.0,0.0
523,0.0,1739.0,0.0,0.0,25.0,276515.0,0.0,1.0
524,0.0,2237.0,0.0,0.0,21.0,249486.0,0.0,59.0
525,0.0,3393.0,0.0,0.0,5.0,241526.0,0.0,16.0
526,0.0,4450.0,0.0,0.0,12.0,233233.0,2.0,1.0
527,0.0,2945.0,0.0,0.0,28.0,301789.0,11.0,1.0
528,0.0,1723.0,0.0,0.0,19.0,212681.0,0.0,0.0
529,0.0,3644.0,0.0,0.0,21.0,211944.0,0.0,0.0
530,0.0,186806.0,0.0,0.0,22.0,193165.0,0.0,263.0
531,0.0,5204.0,0.0,0.0,65.0,199300.0,0.0,0.0
532,0.0,2991.0,0.0,0.0,13.0,216286.0,0.0,2.0
533,0.0,1623.0,0.0,0.0,14.0,200124.0,0.0,4.0
534,0.0,1992.0,0.0,0.0,17.0,183229.0,0.0,23.0
535,0.0,2753.0,0.0,0.0,7.0,203936.0,0.0,66.0
536,0.0,2825.0,0.0,0.0,29.0,203859.0,0.0,0.0
537,0.0,2328.0,0.0,0.0,16.0,187656.0,0.0,0.0
538,0.0,2289.0,0.0,0.0,7.0,304453.0,0.0,1.0
539,0.0,3454.0,0.0,0.0,15.0,229017.0,0.0,0.0
540,0.0,4282.0,0.0,0.0,19.0,523708.0,0.0,1.0
541,0.0,2791.0,0.0,0.0,21.0,339676.0,0.0,0.0
542,0.0,943.0,0.0,0.0,12.0,239172.0,0.0,19.0
543,0.0,1992.0,0.0,0.0,30.0,237386.0,0.0,0.0
544,0.0,1492.0,0.0,0.0,20.0,222209.0,0.0,1.0
545,0.0,2412.0,0.0,0.0,30.0,205298.0,0.0,31.0
546,0.0,2041.0,0.0,0.0,7.0,195897.0,0.0,0.0
547,0.0,1977.0,0.0,0.0,7.0,209575.0,0.0,21.0
548,0.0,2836.0,0.0,0.0,5.0,181237.0,0.0,1.0
549,0.0,172701.0,0.0,0.0,12.0,303242.0,0.0,0.0
550,0.0,1731.0,0.0,0.0,14.0,172379.0,0.0,0.0
551,0.0,1897.0,0.0,0.0,24.0,289104.0,0.0,3.0
552,0.0,4059.0,0.0,0.0,21.0,250746.0,0.0,0.0
553,0.0,110446.0,0.0,0.0,6.0,236016.0,0.0,277.0
554,0.0,3061.0,0.0,0.0,8.0,256252.0,0.0,20.0
555,0.0,1338.0,0.0,0.0,17.0,241505.0,0.0,67.0
556,0.0,2923.0,0.0,0.0,14.0,254900.0,0.0,0.0
557,0.0,4114.0,0.0,0.0,9.0,398709.0,0.0,1.0
558,0.0,5046.0,0.0,0.0,7.0,328987.0,0.0,0.0
559,0.0,3097.0,0.0,0.0,10.0,267153.0,0.0,2.0
560,0.0,2090.0,0.0,0.0,8.0,248972.0,0.0,1.0
561,0.0,1204.0,0.0,0.0,14.0,244293.0,0.0,0.0
562,0.0,3512.0,0.0,0.0,20.0,228368.0,0.0,38.0
563,0.0,3088.0,0.0,0.0,56.0,230035.0,0.0,10.0
564,0.0,3424.0,0.0,0.0,759.0,264537.0,0.0,21.0
565,0.0,3418.0,0.0,0.0,13.0,544673.0,0.0,0.0
566,0.0,2362.0,0.0,0.0,9.0,242639.0,0.0,0.0
567,0.0,101486.0,0.0,0.0,15.0,233265.0,0.0,49.0
568,0.0,3412.0,0.0,0.0,14.0,282362.0,0.0,431.0
569,0.0,2336.0,0.0,0.0,20.0,359954.0,0.0,1.0
570,0.0,2629.0,0.0,0.0,11.0,282845.0,0.0,0.0
571,0.0,1977.0,0.0,0.0,19.0,241266.0,0.0,2.0
572,0.0,5093.0,0.0,0.0,8.0,241063.0,0.0,72.0
573,0.0,2649.0,0.0,0.0,13.0,379821.0,0.0,19.0
574,0.0,4380.0,0.0,0.0,11.0,234702.0,0.0,1.0
575,0.0,2284.0,0.0,0.0,11.0,222160.0,0.0,3.0
576,0.0,900.0,0.0,0.0,3.0,250524.0,0.0,0.0
577,0.0,750.0,0.0,0.0,5.0,242614.0,0.0,264.0
578,0.0,1381.0,0.0,0.0,5.0,252347.0,0.0,36.0
579,0.0,790.0,0.0,0.0,5.0,240252.0,0.0,66.0
580,0.0,869.0,0.0,0.0,4.0,247790.0,0.0,0.0
581,0.0,4542.0,0.0,0.0,14.0,407834.0,0.0,1.0
582,0.0,1070.0,0.0,0.0,5.0,296179.0,0.0,0.0
583,0.0,1191.0,0.0,0.0,6.0,254361.0,0.0,0.0
584,0.0,1219.0,0.0,0.0,8.0,244575.0,0.0,2.0
585,0.0,2449.0,0.0,0.0,4.0,232261.0,0.0,0.0
586,0.0,5193.0,0.0,0.0,3.0,230931.0,0.0,97.0
587,0.0,848.0,0.0,0.0,4.0,309107.0,0.0,17.0
588,0.0,1416.0,0.0,0.0,3.0,259969.0,0.0,32.0
589,0.0,2311.0,0.0,0.0,4.0,260441.0,0.0,0.0
590,0.0,1113.0,0.0,0.0,5.0,241154.0,0.0,0.0
591,0.0,1840.0,0.0,0.0,5.0,242300.0,0.0,23.0
592,0.0,525.0,0.0,0.0,4.0,262980.0,0.0,385.0
593,0.0,930.0,0.0,0.0,3.0,344069.0,0.0,2.0
594,0.0,1069.0,0.0,0.0,4.0,227191.0,0.0,0.0
595,0.0,676.0,0.0,0.0,5.0,234122.0,0.0,2.0
596,0.0,1195.0,0.0,0.0,7.0,280573.0,0.0,87.0
597,0.0,2143.0,0.0,0.0,3.0,237167.0,0.0,3.0
598,0.0,3036.0,0.0,0.0,3.0,228775.0,0.0,1.0
599,0.0,1436.0,0.0,0.0,7.0,281260.0,0.0,2.0
600,0.0,1463.0,0.0,0.0,4.0,217155.0,0.0,0.0
601,0.0,1184.0,0.0,0.0,6.0,230187.0,0.0,1.0
602,0.0,2739.0,0.0,0.0,7.0,205627.0,0.0,200.0
603,0.0,2072.0,0.0,0.0,3.0,219219.0,0.0,0.0
604,0.0,832.0,0.0,0.0,4.0,222762.0,0.0,0.0
605,0.0,1336.0,0.0,0.0,8.0,211707.0,0.0,6.0
606,0.0,3353.0,0.0,0.0,5.0,194847.0,0.0,0.0
607,0.0,1375.0,0.0,0.0,6.0,226140.0,0.0,97.0
608,0.0,1182.0,0.0,0.0,4.0,210289.0,0.0,398.0
609,0.0,366.0,0.0,0.0,5.0,204362.0,0.0,0.0
610,0.0,810.0,0.0,0.0,4.0,330086.0,0.0,1.0
611,0.0,4391.0,0.0,0.0,3.0,232081.0,0.0,0.0
612,0.0,1264.0,0.0,0.0,5.0,531922.0,0.0,0.0
613,0.0,902.0,0.0,0.0,3.0,334136.0,0.0,0.0
614,0.0,606.0,0.0,0.0,5.0,244490.0,0.0,64.0
615,0.0,659.0,0.0,0.0,3.0,237723.0,0.0,0.0
616,0.0,967.0,0.0,0.0,4.0,223689.0,0.0,3.0
617,0.0,2297.0,0.0,0.0,14.0,215317.0,0.0,44.0
618,0.0,1761.0,0.0,0.0,4.0,223014.0,0.0,0.0
619,0.0,3462.0,0.0,0.0,3.0,209634.0,0.0,25.0
620,0.0,10799.0,0.0,0.0,4.0,198534.0,0.0,1.0
621,0.0,1359.0,0.0,0.0,5.0,318028.0,0.0,1.0
622,0.0,1188.0,0.0,0.0,5.0,195652.0,0.0,1.0
623,0.0,2178.0,0.0,0.0,4.0,212786.0,0.0,3.0
624,0.0,290.0,0.0,0.0,3.0,191307.0,0.0,1.0
625,0.0,533.0,0.0,0.0,4.0,472756.0,0.0,0.0
626,0.0,1240.0,0.0,0.0,5.0,172199.0,0.0,0.0
627,0.0,1231.0,0.0,0.0,3.0,238183.0,0.0,1.0
628,0.0,3705.0,0.0,0.0,8.0,170633.0,0.0,2.0
629,0.0,846.0,0.0,0.0,7.0,171933.0,0.0,0.0
630,0.0,763.0,0.0,0.0,3.0,212304.0,0.0,201.0
631,0.0,374.0,0.0,0.0,2.0,196457.0,0.0,0.0
632,0.0,982.0,0.0,0.0,4.0,266743.0,0.0,0.0
633,0.0,617.0,0.0,0.0,3.0,170561.0,0.0,0.0
634,0.0,1031.0,0.0,0.0,3.0,190581.0,0.0,24.0
635,0.0,999.0,0.0,0.0,8.0,175832.0,0.0,4.0
636,0.0,1469.0,0.0,0.0,5.0,157058.0,0.0,0.0
637,0.0,811.0,0.0,0.0,4.0,175634.0,0.0,1.0
638,0.0,768.0,0.0,0.0,5.0,173468.0,0.0,90.0
639,0.0,752.0,0.0,0.0,6.0,182884.0,0.0,1.0
640,0.0,1373.0,0.0,0.0,2.0,186421.0,0.0,391.0
641,0.0,914.0,0.0,0.0,9.0,191792.0,0.0,0.0
642,0.0,624.0,0.0,0.0,4.0,163529.0,0.0,0.0
643,0.0,676.0,0.0,0.0,4.0,175969.0,0.0,0.0
644,0.0,778.0,0.0,0.0,2.0,357119.0,0.0,0.0
645,0.0,644.0,0.0,0.0,4.0,284317.0,0.0,1.0
646,0.0,657.0,0.0,0.0,6.0,201550.0,0.0,3.0
647,0.0,4833.0,0.0,0.0,4.0,282414.0,0.0,0.0
648,0.0,383.0,0.0,0.0,5.0,179168.0,0.0,3.0
649,0.0,1041.0,0.0,0.0,3.0,460581.0,0.0,0.0
650,0.0,887.0,0.0,0.0,4.0,169937.0,0.0,1.0
651,0.0,1602.0,0.0,0.0,4.0,233185.0,0.0,0.0
652,0.0,1342.0,0.0,0.0,4.0,175112.0,0.0,1.0
653,0.0,1027.0,0.0,0.0,5.0,176329.0,0.0,0.0
654,0.0,626.0,0.0,0.0,4.0,209630.0,0.0,202.0
655,0.0,874.0,0.0,0.0,3.0,186506.0,0.0,0.0
656,0.0,692.0,0.0,0.0,5.0,161244.0,0.0,0.0
657,0.0,787.0,0.0,0.0,6.0,171104.0,0.0,0.0
658,0.0,698.0,0.0,0.0,4.0,191761.0,0.0,19.0
659,0.0,1375.0,0.0,0.0,5.0,179484.0,0.0,5.0
660,0.0,1765.0,0.0,0.0,5.0,160887.0,0.0,1.0
661,0.0,2893.0,0.0,0.0,7.0,177854.0,0.0,23.0
662,0.0,940.0,0.0,0.0,4.0,173579.0,0.0,22.0
663,0.0,659.0,0.0,0.0,3.0,185081.0,0.0,70.0
664,0.0,1043.0,0.0,0.0,4.0,172836.0,0.0,377.0
665,0.0,1018.0,0.0,0.0,4.0,199221.0,0.0,0.0
666,0.0,746.0,0.0,0.0,6.0,159749.0,0.0,0.0
667,0.0,410.0,0.0,0.0,6.0,173384.0,0.0,0.0
668,0.0,472.0,0.0,0.0,4.0,236224.0,0.0,0.0
669,0.0,947.0,0.0,0.0,7.0,291293.0,0.0,1.0
670,0.0,770.0,0.0,0.0,6.0,198071.0,0.0,2.0
671,0.0,5896.0,0.0,0.0,5.0,298568.0,0.0,0.0
672,0.0,1128.0,0.0,0.0,3.0,243830.0,0.0,0.0
673,0.0,2342.0,0.0,0.0,15.0,241108.0,0.0,234.0
674,0.0,1679.0,0.0,0.0,5.0,252828.0,6.0,23.0
675,0.0,1116.0,0.0,0.0,3.0,238769.0,0.0,75.0
676,0.0,1030.0,0.0,0.0,3.0,239667.0,6.0,0.0
677,0.0,7490.0,0.0,0.0,4.0,265231.0,0.0,0.0
678,0.0,1170.0,0.0,0.0,4.0,300872.0,112.0,1.0
679,0.0,1534.0,0.0,0.0,3.0,240281.0,0.0,1.0
680,0.0,1119.0,0.0,0.0,5.0,229013.0,1.0,1.0
681,0.0,4508.0,0.0,0.0,4.0,238141.0,0.0,0.0
682,0.0,1192.0,0.0,0.0,10.0,240991.0,20.0,52.0
683,0.0,1365.0,0.0,0.0,12.0,393279.0,30.0,0.0
684,0.0,1611.0,0.0,0.0,3.0,258831.0,0.0,22.0
685,0.0,2050.0,0.0,0.0,4.0,246725.0,10.0,0.0
686,0.0,1453.0,0.0,0.0,5.0,224527.0,0.0,0.0
687,0.0,2232.0,0.0,0.0,7.0,241888.0,0.0,30.0
688,0.0,623.0,0.0,0.0,4.0,241500.0,5.0,390.0
689,0.0,985.0,0.0,0.0,3.0,361633.0,4.0,1.0
690,0.0,434.0,0.0,0.0,5.0,282408.0,0.0,0.0
691,0.0,193.0,0.0,0.0,44.0,242835.0,0.0,63.0
692,0.0,1574.0,0.0,0.0,4.0,246896.0,0.0,93.0
693,0.0,2183.0,0.0,0.0,5.0,225196.0,0.0,26.0
694,0.0,1284.0,0.0,0.0,4.0,639557.0,3.0,1.0
695,0.0,848.0,0.0,0.0,5.0,229107.0,0.0,1.0
696,0.0,1766.0,0.0,0.0,6.0,257793.0,1.0,0.0
697,0.0,937.0,35.0,0.0,6.0,249931.0,2.0,221.0
698,0.0,1715.0,6.0,0.0,3.0,375609.0,5.0,6.0
699,0.0,501.0,2.0,0.0,3.0,240183.0,0.0,70.0
700,0.0,998.0,0.0,0.0,3.0,247498.0,7.0,0.0
701,0.0,2113.0,0.0,0.0,4.0,388571.0,0.0,1.0
702,0.0,1480.0,0.0,0.0,5.0,310499.0,245.0,0.0
703,0.0,2512.0,0.0,0.0,7.0,252846.0,0.0,1.0
704,0.0,1076.0,0.0,0.0,3.0,242422.0,0.0,4.0
705,0.0,2564.0,1.0,0.0,4.0,232553.0,0.0,0.0
706,0.0,1348.0,0.0,0.0,7.0,246279.0,68.0,0.0
707,0.0,1718.0,0.0,0.0,5.0,455803.0,34.0,3.0
708,0.0,2663.0,0.0,0.0,3.0,267456.0,0.0,0.0
709,0.0,2527.0,0.0,0.0,5.0,555346.0,0.0,0.0
710,0.0,1756.0,0.0,0.0,3.0,245693.0,0.0,0.0
711,0.0,2485.0,0.0,0.0,6.0,237281.0,0.0,21.0
712,0.0,1690.0,0.0,0.0,3.0,259048.0,12.0,368.0
713,0.0,1569.0,0.0,0.0,13.0,374745.0,4.0,1.0
714,0.0,1614.0,0.0,0.0,5.0,236500.0,0.0,0.0
715,0.0,389.0,0.0,0.0,5.0,243953.0,0.0,0.0
716,0.0,1972.0,0.0,0.0,5.0,274465.0,0.0,27.0
717,0.0,2964.0,0.0,0.0,4.0,229666.0,0.0,22.0
718,0.0,2457.0,33.0,0.0,3.0,239810.0,4.0,1.0
719,0.0,1895.0,0.0,0.0,4.0,289476.0,0.0,0.0
720,0.0,857.0,0.0,0.0,4.0,250688.0,0.0,0.0
721,0.0,844.0,3.0,0.0,4.0,250704.0,0.0,270.0
722,0.0,1854.0,0.0,0.0,7.0,475456.0,0.0,24.0
723,0.0,372.0,0.0,0.0,4.0,255204.0,0.0,62.0
724,0.0,1316.0,0.0,0.0,4.0,330132.0,2.0,0.0
725,0.0,1143.0,0.0,0.0,4.0,314371.0,0.0,0.0
726,0.0,1033.0,0.0,0.0,4.0,236129.0,413.0,2.0
727,0.0,1477.0,2.0,0.0,4.0,257189.0,0.0,2.0
728,0.0,773.0,1.0,0.0,5.0,242884.0,1.0,1.0
729,0.0,955.0,1.0,0.0,4.0,241389.0,0.0,0.0
730,0.0,629.0,0.0,0.0,10.0,241811.0,31.0,50.0
731,0.0,2243.0,0.0,0.0,4.0,464853.0,21.0,12.0
732,0.0,1652.0,0.0,0.0,6.0,270849.0,169.0,27.0
733,0.0,1550.0,0.0,0.0,5.0,264576.0,66.0,0.0
734,0.0,1213.0,0.0,0.0,5.0,252104.0,0.0,0.0
735,0.0,3066.0,0.0,0.0,5.0,246195.0,0.0,39.0
736,0.0,1117.0,0.0,0.0,4.0,258757.0,19.0,360.0
737,0.0,1258.0,0.0,0.0,3.0,359839.0,0.0,1.0
738,0.0,263.0,0.0,0.0,4.0,305131.0,0.0,0.0
739,0.0,425.0,0.0,0.0,5.0,254897.0,0.0,2.0
740,0.0,1299.0,0.0,0.0,4.0,259652.0,0.0,74.0
741,0.0,2312.0,0.0,0.0,6.0,244176.0,1.0,22.0
742,0.0,1263.0,5.0,0.0,4.0,650621.0,2.0,1.0
743,0.0,1476.0,0.0,0.0,4.0,235533.0,0.0,2.0
744,0.0,831.0,0.0,0.0,3.0,248908.0,0.0,0.0
745,0.0,3262.0,0.0,0.0,6.0,242550.0,0.0,230.0
746,0.0,1437.0,0.0,0.0,3.0,422158.0,23.0,10.0
747,0.0,736.0,0.0,0.0,5.0,247673.0,0.0,62.0
748,0.0,1393.0,0.0,0.0,5.0,316575.0,4.0,0.0
749,0.0,8422.0,0.0,0.0,4.0,413772.0,0.0,0.0
750,0.0,801.0,0.0,0.0,5.0,223545.0,337.0,3.0
751,0.0,1402.0,0.0,0.0,5.0,255309.0,0.0,2.0
752,0.0,1042.0,0.0,0.0,4.0,228833.0,1.0,1.0
753,0.0,1149.0,0.0,0.0,5.0,301565.0,0.0,1.0
754,0.0,1270.0,0.0,0.0,5.0,248487.0,22.0,10.0
755,0.0,1186.0,0.0,0.0,3.0,241065.0,20.0,4.0
756,0.0,1910.0,0.0,0.0,3.0,267887.0,138.0,4.0
757,0.0,886.0,0.0,0.0,5.0,520687.0,46.0,0.0
758,0.0,1018.0,0.0,0.0,3.0,240446.0,0.0,0.0
759,0.0,1682.0,0.0,0.0,4.0,244129.0,0.0,24.0
760,0.0,1346.0,0.0,0.0,4.0,349115.0,15.0,368.0
761,0.0,2025.0,0.0,0.0,5.0,363291.0,0.0,1.0
762,0.0,1962.0,0.0,0.0,3.0,224977.0,0.0,0.0
763,0.0,88.0,0.0,0.0,4.0,252389.0,0.0,63.0
764,0.0,821.0,0.0,0.0,6.0,245291.0,0.0,60.0
765,0.0,2147.0,0.0,0.0,3.0,247337.0,1.0,24.0
766,0.0,1822.0,0.0,0.0,6.0,230723.0,3.0,1.0
767,0.0,1202.0,0.0,0.0,5.0,291267.0,0.0,2.0
768,0.0,1181.0,0.0,0.0,7.0,209552.0,0.0,24.0
769,0.0,1084.0,0.0,2.0,7.0,220712.0,37.0,2.0
770,0.0,1400.0,0.0,12.0,6.0,200138.0,0.0,242.0
771,0.0,313.0,0.0,1.0,5.0,223145.0,8.0,0.0
772,0.0,1178.0,0.0,20.0,4.0,396361.0,0.0,11.0
773,0.0,1417.0,0.0,0.0,4.0,214855.0,0.0,27.0
774,0.0,15501.0,0.0,0.0,4.0,199016.0,11.0,0.0
775,0.0,127830.0,0.0,2.0,5.0,220337.0,2.0,106.0
776,0.0,1046.0,0.0,0.0,6.0,203878.0,4.0,393.0
777,0.0,943.0,0.0,2.0,4.0,275829.0,3.0,0.0
778,0.0,802.0,0.0,0.0,3.0,311514.0,0.0,1.0
779,0.0,3486.0,0.0,0.0,21.0,229192.0,8.0,0.0
780,0.0,754.0,0.0,0.0,7.0,501942.0,0.0,0.0
781,0.0,1207.0,0.0,0.0,4.0,268272.0,0.0,1.0
782,0.0,535.0,0.0,0.0,4.0,249609.0,0.0,4.0
783,0.0,1156.0,0.0,4.0,3.0,229970.0,0.0,0.0
784,0.0,1031.0,0.0,0.0,4.0,247164.0,1.0,13.0
785,0.0,982.0,0.0,8.0,6.0,213473.0,0.0,70.0
786,0.0,1090.0,0.0,21.0,5.0,216257.0,0.0,0.0
787,0.0,768.0,0.0,9.0,5.0,216743.0,1.0,23.0
788,0.0,2015.0,0.0,3.0,6.0,204323.0,0.0,52.0
789,0.0,784.0,0.0,0.0,6.0,324642.0,0.0,1.0
790,0.0,1034.0,0.0,0.0,9.0,190042.0,0.0,2.0
791,0.0,1126.0,0.0,2.0,15.0,206095.0,15.0,12.0
792,0.0,1143.0,0.0,0.0,3.0,189978.0,0.0,0.0
793,0.0,1198.0,0.0,0.0,4.0,184500.0,0.0,1.0
794,0.0,977.0,0.0,0.0,7.0,170217.0,0.0,204.0
795,0.0,1629.0,0.0,0.0,6.0,192513.0,0.0,0.0
796,0.0,1474.0,0.0,0.0,4.0,194502.0,0.0,0.0
797,0.0,336.0,0.0,0.0,9.0,185218.0,0.0,6.0
798,0.0,1282.0,0.0,0.0,4.0,183972.0,0.0,26.0
799,0.0,681.0,0.0,0.0,4.0,177922.0,0.0,70.0
800,0.0,1013.0,0.0,0.0,4.0,169403.0,0.0,395.0
801,0.0,1035.0,0.0,0.0,6.0,240737.0,0.0,0.0
802,0.0,592.0,0.0,0.0,6.0,287516.0,0.0,1.0
803,0.0,985.0,0.0,0.0,3.0,351920.0,0.0,0.0
804,0.0,2107.0,0.0,0.0,4.0,202856.0,0.0,0.0
805,0.0,683.0,0.0,0.0,4.0,242876.0,0.0,0.0
806,0.0,492.0,0.0,0.0,4.0,212172.0,0.0,0.0
807,0.0,996.0,0.0,0.0,4.0,215181.0,0.0,0.0
808,0.0,748.0,0.0,0.0,5.0,214557.0,0.0,4.0
809,0.0,1124.0,0.0,0.0,4.0,451390.0,0.0,26.0
810,0.0,1236.0,0.0,0.0,6.0,186040.0,0.0,0.0
811,0.0,1021.0,0.0,0.0,6.0,184732.0,0.0,23.0
812,0.0,1262.0,0.0,0.0,3.0,174272.0,0.0,0.0
813,0.0,732.0,0.0,0.0,7.0,174830.0,0.0,1.0
814,0.0,1363.0,0.0,0.0,4.0,165937.0,0.0,1.0
815,0.0,1262.0,0.0,0.0,13.0,311020.0,0.0,3.0
816,0.0,931.0,0.0,0.0,4.0,196122.0,0.0,0.0
817,0.0,550.0,0.0,0.0,4.0,186433.0,0.0,1.0
818,0.0,991.0,0.0,0.0,4.0,171364.0,0.0,199.0
819,0.0,9454.0,0.0,0.0,5.0,183756.0,0.0,0.0
820,0.0,1218.0,0.0,0.0,4.0,187398.0,0.0,0.0
821,0.0,265.0,0.0,0.0,6.0,189599.0,0.0,5.0
822,0.0,1159.0,0.0,0.0,5.0,180746.0,0.0,21.0
823,0.0,630.0,0.0,0.0,4.0,174182.0,0.0,66.0
824,0.0,1192.0,0.0,0.0,6.0,176986.0,0.0,379.0
825,0.0,1142.0,0.0,0.0,5.0,235400.0,0.0,0.0
826,0.0,769.0,0.0,0.0,5.0,266856.0,0.0,2.0
827,0.0,3271.0,0.0,0.0,5.0,349454.0,0.0,0.0
828,0.0,433.0,0.0,0.0,4.0,476176.0,0.0,0.0
829,0.0,634.0,0.0,0.0,3.0,242663.0,0.0,0.0
830,0.0,992.0,0.0,0.0,4.0,209553.0,0.0,64.0
831,0.0,534.0,0.0,0.0,5.0,213915.0,0.0,0.0
832,0.0,2256.0,0.0,0.0,5.0,214703.0,0.0,3.0
833,0.0,665.0,0.0,0.0,4.0,183714.0,0.0,38.0
834,0.0,1287.0,0.0,0.0,6.0,184015.0,0.0,0.0
835,0.0,711.0,0.0,0.0,3.0,173943.0,0.0,21.0
836,0.0,1416.0,0.0,0.0,5.0,164066.0,0.0,0.0
837,0.0,2440.0,0.0,0.0,11.0,164447.0,0.0,1.0
838,0.0,847.0,0.0,0.0,3.0,163581.0,0.0,1.0
839,0.0,1146.0,0.0,0.0,14.0,245332.0,0.0,2.0
840,0.0,723.0,0.0,0.0,11.0,247597.0,0.0,0.0
841,0.0,636.0,0.0,0.0,4.0,242235.0,0.0,222.0
842,0.0,1557.0,0.0,0.0,5.0,443518.0,0.0,9.0
843,0.0,786.0,0.0,0.0,3.0,236507.0,0.0,70.0
844,0.0,1314.0,0.0,0.0,4.0,315340.0,0.0,0.0
845,0.0,605.0,0.0,0.0,5.0,414466.0,0.0,0.0
846,0.0,775.0,0.0,0.0,4.0,225001.0,0.0,2.0
847,0.0,1629.0,0.0,0.0,6.0,251125.0,0.0,1.0
848,0.0,1066.0,0.0,0.0,5.0,240541.0,0.0,1.0
849,0.0,593.0,0.0,0.0,5.0,233551.0,0.0,0.0
850,0.0,902.0,0.0,0.0,3.0,246199.0,0.0,21.0
851,0.0,2183.0,0.0,0.0,9.0,457186.0,0.0,5.0
852,0.0,1681.0,0.0,0.0,15.0,273008.0,0.0,8.0
853,0.0,987.0,0.0,0.0,6.0,532317.0,0.0,0.0
854,0.0,1032.0,0.0,0.0,6.0,242729.0,0.0,1.0
855,0.0,1585.0,0.0,0.0,4.0,241601.0,0.0,29.0
856,0.0,530.0,0.0,0.0,4.0,246672.0,0.0,385.0
857,0.0,947.0,0.0,0.0,4.0,346941.0,0.0,1.0
858,0.0,617.0,0.0,0.0,6.0,218783.0,0.0,0.0
859,0.0,482.0,0.0,0.0,3.0,251792.0,0.0,0.0
860,0.0,1140.0,0.0,0.0,3.0,247787.0,0.0,41.0
861,0.0,2427.0,0.0,0.0,5.0,228231.0,0.0,22.0
862,0.0,1476.0,0.0,0.0,7.0,225395.0,0.0,1.0
863,0.0,1227.0,0.0,0.0,4.0,286045.0,0.0,1.0
864,0.0,550.0,0.0,0.0,8.0,230118.0,0.0,0.0
865,0.0,601.0,0.0,0.0,8.0,234341.0,0.0,161.0
866,0.0,2619.0,0.0,0.0,3.0,379994.0,6.0,13.0
867,0.0,1703.0,0.0,0.0,6.0,232671.0,20.0,42.0
868,0.0,986.0,0.0,0.0,3.0,234228.0,0.0,1.0
869,0.0,2181.0,0.0,0.0,7.0,325336.0,0.0,1.0
870,0.0,842.0,0.0,0.0,3.0,200081.0,0.0,4.0
871,0.0,1032.0,0.0,0.0,4.0,230627.0,0.0,1.0
872,0.0,853.0,0.0,0.0,3.0,244030.0,0.0,1.0
873,0.0,440.0,0.0,0.0,4.0,218833.0,0.0,0.0
874,0.0,6272.0,0.0,0.0,3.0,234283.0,0.0,24.0
875,0.0,827.0,0.0,0.0,4.0,234858.0,0.0,6.0
876,0.0,924.0,0.0,0.0,5.0,239000.0,4.0,14.0
877,0.0,1139.0,0.0,0.0,4.0,504316.0,0.0,0.0
878,0.0,857.0,0.0,0.0,4.0,227508.0,0.0,0.0
879,0.0,1707.0,0.0,0.0,4.0,228000.0,0.0,20.0
880,0.0,749.0,0.0,0.0,3.0,223233.0,3.0,295.0
881,0.0,819.0,0.0,0.0,5.0,289097.0,0.0,2.0
882,0.0,380.0,0.0,0.0,6.0,250991.0,0.0,0.0
883,0.0,825.0,0.0,0.0,3.0,226791.0,0.0,1.0
884,0.0,497.0,0.0,0.0,5.0,226478.0,0.0,48.0
885,0.0,1211.0,0.0,0.0,6.0,216807.0,0.0,11.0
886,0.0,2861.0,0.0,0.0,4.0,218505.0,0.0,0.0
887,0.0,815.0,0.0,0.0,5.0,211638.0,0.0,2.0
888,0.0,450.0,0.0,0.0,11.0,235061.0,0.0,0.0
889,0.0,1910.0,0.0,0.0,3.0,242801.0,0.0,249.0
890,0.0,2787.0,0.0,0.0,7.0,444069.0,0.0,16.0
891,0.0,617.0,0.0,0.0,4.0,241066.0,0.0,5.0
892,0.0,967.0,0.0,0.0,3.0,303057.0,0.0,0.0
893,0.0,2065.0,0.0,0.0,11.0,252256.0,0.0,0.0
894,0.0,933.0,0.0,0.0,3.0,224737.0,0.0,5.0
895,0.0,1479.0,0.0,0.0,3.0,230859.0,0.0,1.0
896,0.0,678.0,0.0,0.0,3.0,231904.0,0.0,1.0
897,0.0,445.0,0.0,0.0,3.0,229459.0,0.0,0.0
898,0.0,945.0,0.0,0.0,11.0,241496.0,0.0,31.0
899,0.0,1088.0,0.0,0.0,4.0,236931.0,0.0,8.0
900,0.0,1698.0,0.0,0.0,10.0,269054.0,0.0,19.0
901,0.0,1933.0,0.0,0.0,5.0,513752.0,0.0,0.0
902,0.0,1125.0,0.0,0.0,4.0,236019.0,0.0,0.0
903,0.0,2104.0,0.0,0.0,3.0,237193.0,0.0,49.0
904,0.0,1585.0,0.0,0.0,4.0,250809.0,0.0,410.0
905,0.0,1075.0,0.0,0.0,6.0,358548.0,0.0,3.0
906,0.0,704.0,0.0,0.0,4.0,231283.0,0.0,0.0
907,0.0,353.0,0.0,0.0,4.0,275319.0,0.0,65.0
908,0.0,985.0,0.0,0.0,5.0,231212.0,0.0,87.0
909,0.0,1499.0,0.0,0.0,4.0,234565.0,0.0,18.0
910,0.0,2505.0,0.0,0.0,5.0,231421.0,0.0,64.0
911,0.0,1094.0,0.0,0.0,6.0,269805.0,0.0,3.0
912,0.0,3753.0,0.0,0.0,28.0,249820.0,0.0,0.0
913,0.0,105245.0,0.0,0.0,8.0,240439.0,0.0,228.0
914,0.0,4501.0,0.0,0.0,20.0,447251.0,0.0,18.0
915,0.0,1265.0,0.0,0.0,14.0,247275.0,9.0,70.0
916,0.0,4271.0,0.0,0.0,12.0,299245.0,0.0,1.0
917,0.0,3023.0,0.0,0.0,17.0,264101.0,0.0,0.0
918,0.0,3829.0,0.0,0.0,7.0,233431.0,0.0,4.0
919,0.0,4748.0,2.0,0.0,12.0,241514.0,0.0,1.0
920,0.0,3985.0,0.0,0.0,23.0,240269.0,1.0,1.0
921,0.0,4759.0,0.0,0.0,21.0,256422.0,0.0,1.0
922,0.0,3026.0,0.0,0.0,16.0,244950.0,7.0,41.0
923,0.0,4700.0,0.0,0.0,9.0,382837.0,0.0,8.0
924,0.0,3125.0,0.0,0.0,18.0,261303.0,0.0,17.0
925,0.0,7800.0,0.0,0.0,15.0,529369.0,0.0,0.0
926,0.0,3810.0,0.0,0.0,21.0,239620.0,0.0,0.0
927,0.0,4172.0,0.0,0.0,11.0,247253.0,2.0,21.0
928,0.0,3366.0,2.0,0.0,23.0,246116.0,2.0,372.0
929,0.0,4166.0,0.0,0.0,27.0,361814.0,3.0,1.0
930,0.0,2292.0,1.0,0.0,6.0,227116.0,18.0,0.0
931,0.0,2072.0,0.0,0.0,7.0,248933.0,2.0,0.0
932,0.0,2881.0,0.0,0.0,43.0,242829.0,0.0,62.0
933,0.0,6621.0,0.0,0.0,29.0,232614.0,1.0,20.0
934,0.0,46932.0,0.0,0.0,24.0,244743.0,0.0,0.0
935,0.0,4483.0,0.0,0.0,9.0,270118.0,0.0,2.0
936,0.0,1699.0,0.0,0.0,14.0,213414.0,0.0,0.0
937,0.0,147110.0,0.0,0.0,8.0,239477.0,0.0,199.0
938,0.0,1748.0,0.0,0.0,9.0,222170.0,0.0,8.0
939,0.0,936.0,0.0,0.0,6.0,213927.0,0.0,70.0
940,0.0,1786.0,0.0,0.0,14.0,281587.0,0.0,1.0
941,0.0,3406.0,0.0,0.0,11.0,243113.0,0.0,2.0
942,0.0,2354.0,0.0,0.0,22.0,208641.0,0.0,0.0
943,0.0,2634.0,0.0,0.0,7.0,203849.0,0.0,0.0
944,0.0,2175.0,0.0,0.0,13.0,216050.0,0.0,6.0
945,0.0,1637.0,0.0,0.0,7.0,199660.0,0.0,0.0
946,0.0,1446.0,0.0,0.0,3.0,213754.0,0.0,0.0
947,0.0,1081.0,0.0,0.0,8.0,429042.0,0.0,0.0
948,0.0,1077.0,0.0,0.0,9.0,233100.0,0.0,0.0
949,0.0,2664.0,0.0,0.0,12.0,491125.0,0.0,0.0
950,0.0,1189.0,0.0,0.0,57.0,204972.0,0.0,0.0
951,0.0,82006.0,0.0,0.0,7.0,201149.0,0.0,27.0
952,0.0,1697.0,0.0,0.0,25.0,249403.0,0.0,350.0
953,0.0,1933.0,0.0,0.0,8.0,327073.0,0.0,1.0
954,0.0,1454.0,0.0,0.0,9.0,239649.0,0.0,0.0
955,0.0,1032.0,0.0,0.0,8.0,246811.0,0.0,0.0
956,0.0,1169.0,0.0,0.0,10.0,217535.0,0.0,22.0
957,0.0,2837.0,0.0,0.0,7.0,204646.0,0.0,22.0
958,0.0,2021.0,0.0,0.0,17.0,195717.0,0.0,1.0
959,0.0,1262.0,0.0,0.0,11.0,243179.0,0.0,0.0
960,0.0,1487.0,0.0,0.0,7.0,129132.0,0.0,0.0
961,0.0,1685.0,0.0,0.0,4.0,131129.0,0.0,0.0
962,0.0,133484.0,0.0,0.0,12.0,126838.0,0.0,56.0
963,0.0,2336.0,0.0,0.0,10.0,145089.0,0.0,0.0
964,0.0,2003.0,0.0,0.0,5.0,144387.0,0.0,1.0
965,0.0,1522.0,0.0,0.0,14.0,135851.0,0.0,2.0
966,0.0,1385.0,0.0,0.0,7.0,124546.0,0.0,25.0
967,0.0,2047.0,0.0,0.0,8.0,126228.0,0.0,54.0
968,0.0,1753.0,0.0,0.0,4.0,126282.0,0.0,0.0
969,0.0,1720.0,0.0,0.0,6.0,182874.0,0.0,0.0
970,0.0,2695.0,0.0,0.0,26.0,155116.0,0.0,1.0
971,0.0,1466.0,0.0,0.0,5.0,129454.0,0.0,0.0
972,0.0,2944.0,0.0,0.0,5.0,150538.0,0.0,1.0
973,0.0,2923.0,0.0,0.0,8.0,137141.0,0.0,0.0
974,0.0,1583.0,0.0,0.0,3.0,188692.0,0.0,64.0
975,0.0,2423.0,0.0,0.0,5.0,384253.0,0.0,0.0
976,0.0,2407.0,0.0,0.0,6.0,159972.0,0.0,1.0
977,0.0,2834.0,0.0,0.0,5.0,144348.0,0.0,24.0
978,0.0,1167.0,0.0,0.0,5.0,134731.0,0.0,0.0
979,0.0,2049.0,0.0,0.0,5.0,128959.0,0.0,12.0
980,0.0,28064.0,0.0,0.0,6.0,119950.0,0.0,0.0
981,0.0,1335.0,0.0,0.0,3.0,126590.0,0.0,0.0
982,0.0,1184.0,0.0,0.0,18.0,132109.0,0.0,0.0
983,0.0,1973.0,0.0,0.0,29.0,335879.0,0.0,2.0
984,0.0,913.0,0.0,0.0,6.0,129000.0,0.0,2.0
985,0.0,3931.0,0.0,0.0,8.0,122698.0,0.0,0.0
986,0.0,1145.0,0.0,0.0,18.0,114692.0,0.0,0.0
987,0.0,2570.0,0.0,0.0,65.0,118573.0,0.0,0.0
988,0.0,2095.0,0.0,0.0,23.0,116587.0,0.0,0.0
989,0.0,152083.0,0.0,0.0,7.0,124052.0,0.0,0.0
990,0.0,1870.0,0.0,0.0,19.0,152425.0,0.0,0.0
991,0.0,4690.0,0.0,0.0,9.0,117298.0,0.0,0.0
992,0.0,1530.0,0.0,0.0,59.0,214378.0,0.0,0.0
993,0.0,2725.0,0.0,0.0,6.0,121791.0,0.0,0.0
994,0.0,1690.0,0.0,0.0,5.0,125918.0,0.0,0.0
995,0.0,2086.0,0.0,0.0,4.0,403271.0,0.0,0.0
996,0.0,30686.0,0.0,0.0,14.0,112887.0,0.0,0.0
997,0.0,1589.0,0.0,0.0,19.0,140232.0,0.0,20.0
998,0.0,3350.0,0.0,0.0,7.0,114601.0,0.0,25.0
999,0.0,2182.0,0.0,0.0,9.0,122965.0,0.0,72.0
1000,0.0,1720.0,0.0,0.0,7.0,129387.0,0.0,301.0
1001,0.0,1373.0,0.0,0.0,9.0,124761.0,0.0,0.0
1002,0.0,3453.0,0.0,0.0,36.0,118294.0,0.0,0.0
1003,0.0,1500.0,0.0,0.0,6.0,181078.0,0.0,0.0
1004,0.0,2628.0,0.0,0.0,7.0,111524.0,0.0,0.0
1005,0.0,1184.0,0.0,0.0,28.0,124397.0,0.0,1.0
1006,0.0,1508.0,0.0,0.0,18.0,125044.0,0.0,0.0
1007,0.0,5087.0,0.0,0.0,31.0,422804.0,0.0,0.0
1008,0.0,3179.0,0.0,0.0,24.0,222843.0,0.0,0.0
1009,0.0,115804.0,0.0,0.0,7.0,225455.0,0.0,0.0
1010,0.0,3564.0,0.0,0.0,13.0,374116.0,0.0,0.0
1011,0.0,2151.0,0.0,0.0,14.0,222113.0,0.0,66.0
1012,0.0,4041.0,0.0,0.0,16.0,221144.0,0.0,0.0
1013,0.0,5071.0,0.0,0.0,8.0,326718.0,0.0,0.0
1014,0.0,6197.0,0.0,0.0,23.0,211380.0,0.0,0.0
1015,0.0,4430.0,0.0,0.0,13.0,218090.0,0.0,1.0
1016,0.0,6145.0,0.0,0.0,27.0,224103.0,0.0,1.0
1017,0.0,2612.0,0.0,0.0,5.0,246582.0,0.0,0.0
1018,0.0,3076.0,0.0,0.0,38.0,215334.0,0.0,0.0
1019,0.0,3297.0,0.0,0.0,20.0,293962.0,0.0,1.0
1020,0.0,3477.0,0.0,0.0,16.0,232534.0,0.0,1.0
1021,0.0,6562.0,0.0,0.0,7.0,505628.0,0.0,0.0
1022,0.0,2204.0,0.0,0.0,14.0,216891.0,0.0,0.0
1023,0.0,134890.0,0.0,0.0,22.0,269505.0,0.0,12.0
1024,0.0,2487.0,0.0,0.0,7.0,281709.0,0.0,290.0
1025,0.0,2581.0,0.0,0.0,23.0,303644.0,0.0,1.0
1026,0.0,2250.0,0.0,0.0,11.0,233420.0,0.0,0.0
1027,0.0,3126.0,0.0,0.0,24.0,315553.0,0.0,1.0
1028,0.0,1348.0,0.0,0.0,18.0,219812.0,0.0,0.0
1029,0.0,4115.0,0.0,0.0,32.0,231538.0,0.0,19.0
1030,0.0,28227.0,0.0,0.0,18.0,214459.0,0.0,0.0
1031,0.0,2106.0,0.0,0.0,17.0,220015.0,0.0,0.0
1032,0.0,3068.0,0.0,0.0,27.0,256902.0,0.0,1.0
1033,0.0,117124.0,0.0,0.0,7.0,260851.0,0.0,0.0
1034,0.0,2759.0,0.0,0.0,22.0,444308.0,0.0,0.0
1035,0.0,2236.0,0.0,0.0,10.0,251842.0,0.0,104.0
1036,0.0,2841.0,0.0,0.0,12.0,314822.0,0.0,0.0
1037,0.0,7659.0,0.0,0.0,8.0,293623.0,0.0,0.0
1038,0.0,5954.0,0.0,0.0,63.0,236018.0,0.0,0.0
1039,0.0,4257.0,0.0,0.0,4.0,237045.0,0.0,1.0
1040,0.0,3576.0,0.0,0.0,6.0,256305.0,0.0,1.0
1041,0.0,2076.0,0.0,0.0,24.0,255594.0,0.0,0.0
1042,0.0,1769.0,0.0,0.0,13.0,238167.0,0.0,0.0
1043,0.0,2317.0,0.0,0.0,15.0,406909.0,0.0,1.0
1044,0.0,2722.0,0.0,0.0,10.0,269010.0,0.0,64.0
1045,0.0,9384.0,0.0,0.0,25.0,548457.0,0.0,0.0
1046,0.0,2025.0,0.0,0.0,5.0,238949.0,0.0,0.0
1047,0.0,2792.0,0.0,0.0,11.0,238260.0,0.0,22.0
1048,0.0,2403.0,0.0,0.0,17.0,246932.0,0.0,355.0
1049,0.0,2403.0,6.0,0.0,12.0,365074.0,0.0,0.0
1050,0.0,2512.0,2.0,0.0,16.0,245457.0,0.0,0.0
1051,0.0,2787.0,0.0,0.0,27.0,278756.0,0.0,0.0
1052,0.0,2206.0,0.0,0.0,6.0,260536.0,0.0,1.0
1053,0.0,3226.0,0.0,0.0,31.0,244499.0,0.0,30.0
1054,0.0,25394.0,0.0,0.0,13.0,247314.0,0.0,0.0
1055,0.0,3289.0,0.0,0.0,12.0,267080.0,0.0,2.0
1056,0.0,1303.0,0.0,0.0,10.0,256630.0,0.0,0.0
1057,0.0,9357.0,0.0,0.0,5.0,261020.0,0.0,0.0
1058,0.0,1913.0,0.0,0.0,4.0,451984.0,0.0,0.0
1059,0.0,793.0,0.0,0.0,7.0,243720.0,0.0,114.0
1060,0.0,966.0,0.0,0.0,4.0,297598.0,0.0,0.0
1061,0.0,5480.0,0.0,0.0,4.0,277306.0,0.0,0.0
1062,0.0,971.0,1.0,0.0,9.0,240190.0,0.0,0.0
1063,0.0,1828.0,0.0,0.0,5.0,247015.0,0.0,2.0
1064,0.0,961.0,0.0,0.0,6.0,251353.0,0.0,1.0
1065,0.0,1710.0,0.0,0.0,9.0,252203.0,0.0,0.0
1066,0.0,990.0,0.0,0.0,6.0,241141.0,0.0,0.0
1067,0.0,734.0,0.0,0.0,9.0,501849.0,0.0,0.0
1068,0.0,1443.0,0.0,0.0,6.0,280271.0,0.0,0.0
1069,0.0,2316.0,2.0,0.0,7.0,555387.0,0.0,0.0
1070,0.0,1430.0,0.0,0.0,6.0,248298.0,0.0,0.0
1071,0.0,4122.0,0.0,0.0,6.0,247451.0,0.0,20.0
1072,0.0,956.0,0.0,0.0,5.0,268843.0,0.0,411.0
1073,0.0,968.0,0.0,0.0,4.0,366626.0,0.0,1.0
1074,0.0,2044.0,0.0,0.0,8.0,238779.0,0.0,0.0
1075,0.0,511.0,0.0,0.0,7.0,267539.0,0.0,0.0
1076,0.0,453.0,0.0,0.0,5.0,262809.0,0.0,0.0
1077,0.0,1706.0,0.0,0.0,8.0,237468.0,0.0,41.0
1078,0.0,1765.0,0.0,0.0,8.0,254441.0,0.0,1.0
1079,0.0,3055.0,0.0,0.0,16.0,273863.0,0.0,0.0
1080,0.0,1178.0,1.0,0.0,5.0,243444.0,0.0,0.0
1081,0.0,645.0,0.0,0.0,3.0,242637.0,0.0,0.0
1082,0.0,1578.0,0.0,0.0,4.0,441903.0,0.0,0.0
1083,0.0,388.0,0.0,0.0,3.0,240384.0,0.0,102.0
1084,0.0,1022.0,0.0,0.0,5.0,242490.0,0.0,0.0
1085,0.0,906.0,0.0,0.0,4.0,347334.0,0.0,0.0
1086,0.0,1021.0,2.0,0.0,5.0,235634.0,0.0,0.0
1087,0.0,2156.0,0.0,0.0,5.0,238936.0,0.0,1.0
1088,0.0,1267.0,0.0,0.0,4.0,248579.0,0.0,1.0
1089,0.0,1226.0,0.0,0.0,4.0,244794.0,0.0,0.0
1090,0.0,749.0,0.0,0.0,4.0,242479.0,0.0,0.0
1091,0.0,838.0,0.0,0.0,14.0,354630.0,0.0,1.0
1092,0.0,1377.0,0.0,0.0,5.0,267184.0,0.0,1.0
1093,0.0,1047.0,4.0,0.0,4.0,557981.0,0.0,0.0
1094,0.0,1308.0,0.0,0.0,5.0,244349.0,0.0,0.0
1095,0.0,2229.0,0.0,0.0,5.0,241925.0,0.0,17.0
1096,0.0,815.0,0.0,0.0,6.0,256897.0,0.0,373.0
1097,0.0,2090.0,0.0,0.0,4.0,315800.0,0.0,1.0
1098,0.0,1819.0,0.0,0.0,3.0,238658.0,0.0,0.0
1099,0.0,181.0,0.0,0.0,3.0,257162.0,0.0,0.0
1100,0.0,624.0,0.0,0.0,5.0,254640.0,0.0,0.0
1101,0.0,1739.0,0.0,0.0,6.0,227722.0,0.0,38.0
1102,0.0,1418.0,0.0,0.0,3.0,237166.0,0.0,0.0
1103,0.0,2937.0,0.0,0.0,5.0,280325.0,0.0,0.0
1104,0.0,1140.0,0.0,0.0,6.0,214213.0,0.0,0.0
1105,0.0,962.0,0.0,0.0,5.0,215120.0,0.0,1.0
1106,0.0,1842.0,0.0,0.0,6.0,212891.0,0.0,0.0
1107,0.0,671.0,0.0,0.0,4.0,226273.0,0.0,0.0
1108,0.0,996.0,0.0,0.0,11.0,333412.0,0.0,0.0
1109,0.0,966.0,0.0,0.0,6.0,229720.0,0.0,63.0
1110,0.0,1088.0,0.0,0.0,4.0,207940.0,0.0,0.0
1111,0.0,744.0,0.0,0.0,4.0,204678.0,0.0,138.0
1112,0.0,956.0,0.0,0.0,5.0,213525.0,0.0,363.0
1113,0.0,929.0,0.0,0.0,3.0,218123.0,0.0,0.0
1114,0.0,449.0,0.0,0.0,6.0,209544.0,0.0,0.0
1115,0.0,3662.0,0.0,0.0,4.0,283896.0,0.0,0.0
1116,0.0,1404.0,0.0,0.0,6.0,535792.0,0.0,0.0
1117,0.0,1867.0,0.0,0.0,5.0,222379.0,0.0,0.0
1118,0.0,820.0,0.0,0.0,5.0,254078.0,0.0,0.0
1119,0.0,433.0,0.0,0.0,3.0,235725.0,0.0,0.0
1120,0.0,1031.0,0.0,0.0,4.0,223823.0,0.0,0.0
1121,0.0,2253.0,0.0,0.0,7.0,231500.0,0.0,1.0
1122,0.0,1710.0,2.0,0.0,5.0,218075.0,0.0,0.0
1123,0.0,632.0,0.0,0.0,5.0,223437.0,0.0,40.0
1124,0.0,3541.0,0.0,0.0,4.0,198766.0,0.0,1.0
1125,0.0,763.0,0.0,0.0,5.0,201827.0,0.0,0.0
1126,0.0,904.0,0.0,0.0,6.0,232544.0,0.0,0.0
1127,0.0,1179.0,0.0,0.0,9.0,207111.0,0.0,0.0
1128,0.0,1017.0,0.0,0.0,6.0,186501.0,0.0,0.0
1129,0.0,871.0,0.0,0.0,3.0,185550.0,0.0,1.0
1130,0.0,1482.0,0.0,0.0,9.0,187292.0,0.0,0.0
1131,0.0,2987.0,0.0,0.0,3.0,193675.0,0.0,0.0
1132,0.0,905.0,0.0,0.0,5.0,207494.0,0.0,0.0
1133,0.0,600.0,0.0,0.0,5.0,190886.0,0.0,0.0
1134,0.0,2471.0,0.0,0.0,3.0,202807.0,0.0,21.0
1135,0.0,1073.0,0.0,0.0,4.0,178239.0,0.0,106.0
1136,0.0,1275.0,0.0,0.0,4.0,187217.0,0.0,397.0
1137,0.0,1229.0,0.0,0.0,3.0,182717.0,0.0,0.0
1138,0.0,350.0,0.0,0.0,6.0,171337.0,0.0,1.0
1139,0.0,1288.0,0.0,0.0,12.0,212269.0,0.0,0.0
1140,0.0,2182.0,0.0,0.0,5.0,505810.0,0.0,0.0
1141,0.0,2104.0,0.0,0.0,3.0,196794.0,0.0,0.0
1142,0.0,1742.0,0.0,0.0,5.0,211493.0,0.0,0.0
1143,0.0,681.0,0.0,0.0,5.0,222104.0,0.0,0.0
1144,0.0,2387.0,0.0,0.0,5.0,194548.0,0.0,1.0
1145,0.0,276271.0,0.0,0.0,4.0,485246.0,0.0,0.0
1146,0.0,801.0,0.0,0.0,5.0,186487.0,0.0,0.0
1147,0.0,591.0,0.0,0.0,3.0,174392.0,0.0,41.0
1148,0.0,1375.0,0.0,0.0,4.0,162789.0,0.0,1.0
1149,0.0,79.0,0.0,0.0,3.0,210301.0,0.0,0.0
1150,0.0,873.0,0.0,0.0,6.0,189520.0,0.0,0.0
1151,0.0,713.0,0.0,0.0,13.0,346152.0,0.0,0.0
1152,0.0,987.0,0.0,0.0,7.0,184989.0,0.0,0.0
1153,0.0,915.0,0.0,0.0,4.0,187812.0,0.0,1.0
1154,0.0,1553.0,0.0,0.0,7.0,183180.0,0.0,0.0
1155,0.0,620.0,0.0,0.0,5.0,188911.0,0.0,0.0
1156,0.0,989.0,0.0,0.0,4.0,202711.0,0.0,0.0
1157,0.0,580.0,0.0,0.0,6.0,204852.0,0.0,0.0
1158,0.0,1094.0,0.0,0.0,5.0,204885.0,0.0,21.0
1159,0.0,863.0,0.0,0.0,3.0,172676.0,0.0,98.0
1160,0.0,951.0,0.0,0.0,5.0,184454.0,0.0,409.0
1161,0.0,1053.0,0.0,0.0,4.0,171976.0,0.0,0.0
1162,0.0,327.0,0.0,0.0,11.0,171616.0,0.0,1.0
1163,0.0,1445.0,0.0,0.0,5.0,202241.0,0.0,0.0
1164,0.0,2123.0,0.0,0.0,3.0,206335.0,0.0,0.0
1165,0.0,937.0,0.0,0.0,5.0,193142.0,0.0,0.0
1166,0.0,1656.0,0.0,0.0,4.0,212418.0,0.0,0.0
1167,0.0,1130.0,0.0,0.0,6.0,189729.0,0.0,1.0
1168,0.0,2283.0,0.0,0.0,4.0,191678.0,0.0,1.0
1169,0.0,274993.0,0.0,0.0,7.0,764588.0,0.0,0.0
1170,0.0,1001.0,0.0,0.0,6.0,177933.0,0.0,0.0
1171,0.0,730.0,0.0,0.0,5.0,183885.0,0.0,37.0
1172,0.0,1469.0,0.0,0.0,3.0,219146.0,0.0,1.0
1173,0.0,2109.0,0.0,0.0,4.0,169562.0,0.0,1.0
1174,0.0,842.0,0.0,0.0,5.0,183909.0,0.0,0.0
1175,0.0,525.0,0.0,0.0,12.0,170741.0,0.0,0.0
1176,0.0,1022.0,0.0,0.0,9.0,244280.0,0.0,0.0
1177,0.0,916.0,0.0,0.0,4.0,250389.0,0.0,203.0
1178,0.0,1004.0,0.0,0.0,3.0,366307.0,0.0,31.0
1179,0.0,593.0,0.0,0.0,3.0,252062.0,0.0,97.0
1180,0.0,951.0,0.0,0.0,11.0,240457.0,0.0,0.0
1181,0.0,991.0,0.0,0.0,44.0,271543.0,0.0,1.0
1182,0.0,1171.0,0.0,0.0,5.0,533403.0,0.0,50.0
1183,0.0,1359.0,0.0,0.0,4.0,229629.0,0.0,1.0
1184,0.0,2403.0,0.0,0.0,9.0,239908.0,0.0,0.0
1185,0.0,2648.0,0.0,0.0,4.0,246755.0,0.0,0.0
1186,0.0,869.0,0.0,0.0,3.0,225076.0,0.0,55.0
1187,0.0,870.0,0.0,0.0,9.0,246815.0,0.0,1.0
1188,0.0,1187.0,0.0,0.0,6.0,269166.0,0.0,27.0
1189,0.0,1999.0,0.0,0.0,5.0,264862.0,0.0,0.0
1190,0.0,1266.0,0.0,0.0,3.0,244520.0,0.0,0.0
1191,0.0,1332.0,0.0,0.0,7.0,238563.0,0.0,22.0
1192,0.0,1480.0,0.0,0.0,3.0,257842.0,0.0,454.0
1193,0.0,1221.0,0.0,0.0,6.0,311770.0,0.0,29.0
1194,0.0,1937.0,0.0,0.0,5.0,236351.0,0.0,6.0
1195,0.0,1373.0,0.0,0.0,3.0,260536.0,0.0,1.0
1196,0.0,639.0,0.0,0.0,11.0,292661.0,0.0,56.0
1197,0.0,1515.0,0.0,0.0,4.0,232347.0,0.0,37.0
1198,0.0,965.0,0.0,0.0,4.0,232801.0,0.0,1.0
1199,0.0,1424.0,0.0,0.0,16.0,273995.0,0.0,5.0
1200,0.0,3579.0,0.0,0.0,10.0,255073.0,0.0,0.0
1201,0.0,42165.0,0.0,0.0,8.0,265454.0,0.0,235.0
1202,0.0,2949.0,0.0,0.0,11.0,429199.0,0.0,60.0
1203,0.0,2557.0,0.0,0.0,17.0,264991.0,0.0,103.0
1204,0.0,3297.0,0.0,0.0,20.0,246363.0,0.0,53.0
1205,0.0,5010.0,0.0,0.0,33.0,292575.0,0.0,2.0
1206,0.0,6247.0,0.0,0.0,365.0,237657.0,0.0,3.0
1207,0.0,3400.0,0.0,0.0,16.0,242861.0,0.0,1.0
1208,0.0,5817.0,0.0,0.0,18.0,246974.0,0.0,0.0
1209,0.0,3612.0,0.0,0.0,42.0,248071.0,0.0,0.0
1210,0.0,2356.0,0.0,0.0,9.0,250452.0,0.0,52.0
1211,0.0,2554.0,0.0,0.0,49.0,249175.0,0.0,3.0
1212,0.0,2787.0,0.0,0.0,11.0,278889.0,0.0,22.0
1213,0.0,8020.0,0.0,0.0,17.0,584019.0,0.0,1.0
1214,0.0,2303.0,0.0,0.0,5.0,254601.0,0.0,0.0
1215,0.0,32455.0,0.0,0.0,18.0,253082.0,0.0,26.0
1216,0.0,4456.0,0.0,0.0,25.0,308799.0,0.0,488.0
1217,0.0,2659.0,1.0,0.0,15.0,413225.0,0.0,1.0
1218,0.0,2773.0,0.0,0.0,9.0,238085.0,0.0,1.0
1219,0.0,4138.0,0.0,0.0,17.0,259741.0,0.0,0.0
1220,0.0,2126.0,0.0,0.0,18.0,273599.0,0.0,12.0
1221,0.0,3773.0,0.0,0.0,12.0,234812.0,0.0,42.0
1222,0.0,2051.0,0.0,0.0,5.0,249250.0,0.0,3.0
1223,0.0,2839.0,0.0,0.0,30.0,303251.0,0.0,1.0
1224,0.0,2516.0,0.0,0.0,9.0,255321.0,0.0,0.0
1225,0.0,82370.0,52.0,0.0,5.0,256780.0,0.0,258.0
1226,0.0,2931.0,19.0,0.0,5.0,456160.0,0.0,79.0
1227,0.0,1895.0,9.0,0.0,7.0,264902.0,0.0,97.0
1228,0.0,2129.0,0.0,0.0,20.0,252898.0,0.0,0.0
1229,0.0,2922.0,0.0,0.0,36.0,276838.0,0.0,1.0
1230,0.0,4165.0,0.0,0.0,24.0,248147.0,0.0,4.0
1231,0.0,3130.0,0.0,0.0,9.0,246289.0,0.0,2.0
1232,0.0,5174.0,1.0,0.0,9.0,247960.0,0.0,19.0
1233,0.0,2648.0,1.0,0.0,12.0,253112.0,0.0,0.0
1234,0.0,1940.0,1.0,0.0,11.0,243788.0,0.0,87.0
1235,0.0,2823.0,0.0,0.0,45.0,278941.0,0.0,1.0
1236,0.0,2263.0,3.0,0.0,26.0,275534.0,0.0,36.0
1237,0.0,6621.0,0.0,0.0,30.0,271482.0,0.0,0.0
1238,0.0,2029.0,2.0,0.0,11.0,253364.0,0.0,0.0
1239,0.0,3480.0,0.0,0.0,13.0,257861.0,0.0,15.0
1240,0.0,2896.0,0.0,0.0,8.0,263171.0,0.0,401.0
1241,0.0,2676.0,9.0,0.0,5.0,415789.0,0.0,1.0
1242,0.0,5229.0,4.0,0.0,13.0,245430.0,0.0,2.0
1243,0.0,2933.0,5.0,0.0,26.0,261469.0,0.0,1.0
1244,0.0,1907.0,10.0,0.0,12.0,281108.0,0.0,53.0
1245,0.0,2710.0,0.0,0.0,12.0,238891.0,0.0,35.0
1246,0.0,6629.0,0.0,0.0,10.0,342277.0,0.0,1.0
1247,0.0,2266.0,0.0,0.0,14.0,299064.0,0.0,8.0
1248,0.0,1990.0,0.0,0.0,13.0,252927.0,0.0,0.0
1249,0.0,33792.0,0.0,0.0,11.0,251533.0,0.0,225.0
1250,0.0,1746.0,0.0,0.0,7.0,422013.0,0.0,73.0
1251,0.0,796.0,0.0,0.0,6.0,261442.0,0.0,131.0
1252,0.0,1637.0,0.0,0.0,7.0,256025.0,0.0,60.0
1253,0.0,2771.0,0.0,0.0,35.0,269086.0,0.0,0.0
1254,0.0,2000.0,0.0,0.0,9.0,234092.0,0.0,4.0
1255,0.0,1770.0,2.0,0.0,20.0,240988.0,0.0,0.0
1256,0.0,2161.0,0.0,0.0,7.0,238465.0,0.0,1.0
1257,0.0,1588.0,0.0,0.0,10.0,245858.0,0.0,0.0
1258,0.0,2068.0,0.0,0.0,11.0,243261.0,0.0,1237.0
1259,0.0,1692.0,0.0,0.0,15.0,252324.0,0.0,15.0
1260,0.0,1363.0,0.0,0.0,8.0,266212.0,0.0,29.0
1261,0.0,3396.0,0.0,0.0,11.0,564017.0,0.0,0.0
1262,0.0,4212.0,0.0,0.0,10.0,246770.0,0.0,0.0
1263,0.0,2061.0,0.0,0.0,10.0,239391.0,0.0,88.0
1264,0.0,1661.0,0.0,0.0,10.0,322376.0,0.0,458.0
1265,0.0,977.0,0.0,0.0,7.0,379508.0,0.0,1.0
1266,0.0,1651.0,0.0,0.0,11.0,245556.0,0.0,0.0
1267,0.0,2439.0,0.0,0.0,5.0,251018.0,0.0,1.0
1268,0.0,1488.0,0.0,0.0,4.0,263699.0,0.0,15.0
1269,0.0,2200.0,0.0,0.0,7.0,237297.0,0.0,40.0
1270,0.0,3679.0,0.0,0.0,8.0,240273.0,0.0,0.0
1271,0.0,1532.0,0.0,0.0,5.0,288226.0,0.0,24.0
1272,0.0,7599.0,0.0,0.0,9.0,224393.0,0.0,0.0
1273,0.0,64940.0,0.0,0.0,28.0,217705.0,0.0,208.0
1274,0.0,3105.0,0.0,0.0,19.0,392397.0,0.0,30.0
1275,0.0,1557.0,0.0,0.0,8.0,208378.0,0.0,104.0
1276,0.0,3375.0,0.0,0.0,17.0,210864.0,0.0,0.0
1277,0.0,2106.0,0.0,0.0,14.0,220744.0,0.0,0.0
1278,0.0,3842.0,0.0,0.0,6.0,219744.0,0.0,0.0
1279,0.0,3800.0,0.0,0.0,5.0,207051.0,0.0,1.0
1280,0.0,5758.0,0.0,0.0,18.0,208667.0,0.0,1.0
1281,0.0,4718.0,0.0,0.0,12.0,200242.0,0.0,0.0
1282,0.0,994.0,0.0,0.0,21.0,203674.0,0.0,0.0
1283,0.0,1332.0,0.0,0.0,21.0,207546.0,0.0,0.0
1284,0.0,2481.0,0.0,0.0,13.0,237673.0,0.0,1.0
1285,0.0,7687.0,0.0,0.0,8.0,553218.0,0.0,0.0
1286,0.0,1651.0,0.0,0.0,7.0,225125.0,0.0,0.0
1287,0.0,2137.0,0.0,0.0,11.0,218686.0,0.0,15.0
1288,0.0,1516.0,0.0,0.0,6.0,214152.0,0.0,466.0
1289,0.0,2531.0,0.0,0.0,9.0,348601.0,0.0,1.0
1290,0.0,2052.0,0.0,0.0,10.0,205257.0,0.0,0.0
1291,0.0,3355.0,0.0,0.0,10.0,285596.0,0.0,1.0
1292,0.0,3832.0,0.0,0.0,9.0,231311.0,0.0,24.0
1293,0.0,2770.0,0.0,0.0,15.0,200988.0,0.0,39.0
1294,0.0,10536.0,0.0,0.0,18.0,205398.0,0.0,1.0
1295,0.0,1480.0,0.0,0.0,21.0,254772.0,0.0,0.0
1296,0.0,8064.0,0.0,0.0,21.0,186611.0,0.0,0.0
1297,0.0,2843.0,0.0,0.0,11.0,195238.0,0.0,1.0
1298,0.0,98249.0,0.0,0.0,33.0,180381.0,0.0,194.0
1299,0.0,1694.0,0.0,0.0,21.0,490972.0,0.0,2.0
1300,0.0,2124.0,0.0,0.0,16.0,203877.0,0.0,24.0
1301,0.0,1898.0,0.0,0.0,10.0,190876.0,0.0,4.0
1302,0.0,3748.0,0.0,0.0,15.0,205012.0,0.0,0.0
1303,0.0,1593.0,0.0,0.0,36.0,174367.0,0.0,23.0
1304,0.0,4021.0,0.0,0.0,13.0,188977.0,0.0,16.0
1305,0.0,2016.0,0.0,0.0,31.0,166649.0,0.0,0.0
1306,0.0,2699.0,0.0,0.0,15.0,293877.0,0.0,1.0
1307,0.0,2158.0,0.0,0.0,14.0,170670.0,0.0,0.0
1308,0.0,4266.0,0.0,0.0,28.0,224559.0,0.0,0.0
1309,0.0,3368.0,0.0,0.0,12.0,194667.0,0.0,0.0
1310,0.0,3407.0,0.0,0.0,30.0,221734.0,0.0,1.0
1311,0.0,2567.0,0.0,0.0,13.0,209276.0,0.0,0.0
1312,0.0,2668.0,0.0,0.0,6.0,201409.0,0.0,3.0
1313,0.0,2548.0,0.0,0.0,7.0,208803.0,0.0,0.0
1314,0.0,1609.0,0.0,0.0,26.0,180194.0,0.0,400.0
1315,0.0,3177.0,0.0,0.0,24.0,180739.0,0.0,39.0
1316,0.0,15837.0,0.0,0.0,10.0,373046.0,0.0,101.0
1317,0.0,1113.0,0.0,0.0,7.0,173587.0,0.0,1.0
1318,0.0,8595.0,0.0,0.0,17.0,208089.0,0.0,0.0
1319,0.0,1373.0,0.0,0.0,33.0,171926.0,0.0,0.0
1320,0.0,7203.0,0.0,0.0,22.0,185542.0,0.0,0.0
1321,0.0,4990.0,0.0,0.0,8.0,190909.0,0.0,1.0
1322,0.0,86630.0,0.0,0.0,60.0,181351.0,0.0,3.0
1323,0.0,2028.0,0.0,0.0,6.0,374846.0,0.0,3.0
1324,0.0,3087.0,0.0,0.0,25.0,209572.0,0.0,24.0
1325,0.0,2114.0,0.0,0.0,9.0,209058.0,0.0,6.0
1326,0.0,2827.0,0.0,0.0,23.0,223878.0,0.0,21.0
1327,0.0,2303.0,0.0,0.0,29.0,172636.0,0.0,0.0
1328,0.0,3323.0,0.0,0.0,13.0,187448.0,0.0,26.0
1329,0.0,3983.0,0.0,0.0,36.0,168307.0,0.0,0.0
1330,0.0,4044.0,0.0,0.0,4.0,285990.0,0.0,0.0
1331,0.0,2038.0,0.0,0.0,17.0,163575.0,0.0,0.0
1332,0.0,6290.0,0.0,0.0,10.0,232849.0,0.0,0.0
1333,0.0,2904.0,0.0,0.0,8.0,196955.0,0.0,0.0
1334,0.0,3332.0,0.0,0.0,25.0,217474.0,0.0,64.0
1335,0.0,3823.0,0.0,0.0,8.0,196475.0,0.0,0.0
1336,0.0,2903.0,0.0,0.0,11.0,201242.0,0.0,1.0
1337,0.0,6980.0,0.0,0.0,13.0,506494.0,0.0,19.0
1338,0.0,2753.0,0.0,0.0,22.0,170572.0,0.0,435.0
1339,0.0,2701.0,0.0,0.0,8.0,184913.0,0.0,41.0
1340,0.0,3303.0,0.0,0.0,31.0,165850.0,0.0,106.0
1341,0.0,12801.0,0.0,0.0,13.0,179734.0,0.0,1.0
1342,0.0,3133.0,0.0,0.0,14.0,210228.0,0.0,0.0
1343,0.0,1825.0,0.0,0.0,56.0,409049.0,0.0,0.0
1344,0.0,6180.0,0.0,0.0,29.0,249802.0,0.0,0.0
1345,0.0,92737.0,0.0,0.0,13.0,249830.0,0.0,194.0
1346,0.0,3725.0,0.0,0.0,14.0,426245.0,0.0,33.0
1347,0.0,3103.0,0.0,0.0,25.0,253090.0,0.0,103.0
1348,0.0,2250.0,0.0,0.0,25.0,238808.0,0.0,0.0
1349,0.0,3636.0,0.0,0.0,50.0,264276.0,0.0,0.0
1350,0.0,9530.0,0.0,0.0,22.0,224548.0,0.0,3.0
1351,0.0,3854.0,0.0,0.0,14.0,234541.0,0.0,1.0
1352,0.0,4381.0,0.0,0.0,38.0,233702.0,0.0,1.0
1353,0.0,3267.0,0.0,0.0,5.0,233354.0,0.0,1.0
1354,0.0,1778.0,0.0,0.0,18.0,253140.0,0.0,45.0
1355,0.0,4334.0,0.0,0.0,28.0,448722.0,0.0,9.0
1356,0.0,3431.0,0.0,0.0,24.0,263136.0,0.0,16.0
1357,0.0,7926.0,0.0,0.0,36.0,551478.0,0.0,0.0
1358,0.0,5669.0,0.0,0.0,45.0,243188.0,0.0,0.0
1359,0.0,2911.0,0.0,0.0,24.0,238164.0,0.0,19.0
1360,0.0,2594.0,0.0,0.0,30.0,308754.0,0.0,0.0
1361,0.0,2168.0,0.0,0.0,30.0,353203.0,0.0,19.0
1362,0.0,3700.0,0.0,0.0,12.0,243848.0,0.0,0.0
1363,0.0,4193.0,0.0,0.0,10.0,274699.0,0.0,0.0
1364,0.0,4995.0,0.0,0.0,24.0,298084.0,0.0,39.0
1365,0.0,3347.0,0.0,0.0,18.0,236394.0,0.0,40.0
1366,0.0,14292.0,0.0,0.0,11.0,241390.0,0.0,1.0
1367,0.0,2274.0,0.0,0.0,22.0,276707.0,0.0,1.0
1368,0.0,19283.0,0.0,0.0,29.0,256781.0,0.0,0.0
1369,0.0,70728.0,0.0,0.0,13.0,250048.0,0.0,213.0
1370,0.0,7443.0,0.0,0.0,16.0,421892.0,0.0,28.0
1371,0.0,4263.0,0.0,0.0,30.0,254069.0,0.0,86.0
1372,0.0,2427.0,0.0,0.0,38.0,245661.0,0.0,0.0
1373,0.0,3127.0,0.0,0.0,34.0,262398.0,0.0,0.0
1374,0.0,11322.0,0.0,0.0,14.0,230650.0,0.0,3.0
1375,0.0,8359.0,0.0,0.0,21.0,232107.0,0.0,1.0
1376,0.0,5708.0,0.0,0.0,34.0,235816.0,0.0,6.0
1377,0.0,7897.0,0.0,0.0,37.0,233030.0,0.0,0.0
1378,0.0,3116.0,0.0,0.0,37.0,255426.0,0.0,18.0
1379,0.0,13328.0,0.0,0.0,43.0,277191.0,0.0,5.0
1380,0.0,5059.0,0.0,0.0,69.0,285733.0,0.0,9.0
1381,0.0,15795.0,0.0,0.0,10.0,532901.0,0.0,0.0
1382,0.0,3099.0,0.0,0.0,31.0,253680.0,0.0,0.0
1383,0.0,14172.0,0.0,0.0,27.0,243810.0,0.0,25.0
1384,0.0,5998.0,0.0,0.0,59.0,258353.0,0.0,390.0
1385,0.0,5034.0,0.0,0.0,19.0,347852.0,0.0,13.0
1386,0.0,5772.0,0.0,0.0,18.0,252401.0,0.0,0.0
1387,0.0,7676.0,0.0,0.0,43.0,249067.0,0.0,0.0
1388,0.0,3639.0,0.0,0.0,14.0,288662.0,0.0,34.0
1389,0.0,5092.0,0.0,0.0,47.0,549777.0,0.0,28.0
1390,0.0,5247.0,3.0,0.0,36.0,245039.0,0.0,0.0
1391,0.0,3637.0,0.0,0.0,27.0,285302.0,0.0,1.0
1392,0.0,9221.0,0.0,0.0,24.0,242957.0,0.0,0.0
1393,0.0,74310.0,0.0,0.0,26.0,245402.0,0.0,25.0
1394,0.0,5857.0,0.0,0.0,32.0,434729.0,0.0,63.0
1395,0.0,3950.0,0.0,0.0,13.0,258457.0,0.0,50.0
1396,0.0,3914.0,0.0,0.0,36.0,241007.0,0.0,16.0
1397,0.0,3522.0,0.0,0.0,37.0,261292.0,0.0,0.0
1398,0.0,7498.0,0.0,0.0,27.0,234337.0,0.0,2.0
1399,0.0,4937.0,0.0,0.0,23.0,243322.0,0.0,0.0
1400,0.0,5714.0,0.0,0.0,60.0,233867.0,0.0,199.0
1401,0.0,5128.0,0.0,0.0,17.0,240148.0,0.0,0.0
1402,0.0,2541.0,0.0,0.0,47.0,251150.0,0.0,115.0
1403,0.0,8045.0,0.0,0.0,12.0,311562.0,0.0,11.0
1404,0.0,3526.0,0.0,0.0,34.0,289514.0,0.0,73.0
1405,0.0,9944.0,0.0,0.0,22.0,253673.0,0.0,0.0
1406,0.0,3110.0,0.0,0.0,54.0,249607.0,0.0,0.0
1407,0.0,11957.0,0.0,0.0,18.0,268620.0,0.0,20.0
1408,0.0,4111.0,0.0,0.0,86.0,254128.0,0.0,328.0
1409,0.0,3155.0,0.0,0.0,15.0,352069.0,0.0,1.0
1410,0.0,5447.0,0.0,0.0,23.0,243061.0,0.0,0.0
1411,0.0,5340.0,0.0,0.0,18.0,256146.0,0.0,1.0
1412,0.0,3151.0,0.0,0.0,79.0,249926.0,0.0,0.0
1413,0.0,5134.0,0.0,0.0,52.0,229058.0,0.0,14.0
1414,0.0,6100.0,0.0,0.0,30.0,518710.0,0.0,1.0
1415,0.0,3064.0,0.0,0.0,17.0,291576.0,0.0,3.0
1416,0.0,5812.0,0.0,0.0,46.0,238470.0,0.0,0.0
1417,0.0,72611.0,0.0,0.0,13.0,236577.0,0.0,258.0
1418,0.0,4543.0,1.0,0.0,39.0,523354.0,0.0,74.0
1419,0.0,3015.0,0.0,0.0,13.0,250828.0,0.0,53.0
1420,0.0,3254.0,0.0,0.0,62.0,238418.0,0.0,0.0
1421,0.0,5778.0,0.0,0.0,19.0,255083.0,0.0,0.0
1422,0.0,7515.0,0.0,0.0,10.0,227233.0,0.0,4.0
1423,0.0,5115.0,0.0,0.0,18.0,229057.0,0.0,1.0
1424,0.0,5925.0,1.0,0.0,30.0,219318.0,0.0,1.0
1425,0.0,4704.0,0.0,0.0,6.0,240687.0,0.0,0.0
1426,0.0,2686.0,0.0,0.0,34.0,243147.0,0.0,76.0
1427,0.0,5460.0,0.0,0.0,20.0,288179.0,0.0,16.0
1428,0.0,3574.0,0.0,0.0,34.0,282394.0,0.0,40.0
1429,0.0,10716.0,8.0,0.0,33.0,541701.0,0.0,0.0
1430,0.0,4443.0,0.0,0.0,35.0,243072.0,0.0,0.0
1431,0.0,4608.0,0.0,0.0,20.0,234113.0,0.0,26.0
1432,0.0,3757.0,0.0,0.0,52.0,252437.0,0.0,325.0
1433,0.0,4153.0,0.0,0.0,23.0,352364.0,0.0,1.0
1434,0.0,4311.0,0.0,0.0,16.0,239709.0,0.0,3.0
1435,0.0,5632.0,0.0,0.0,7.0,241305.0,0.0,0.0
1436,0.0,4696.0,0.0,0.0,134.0,295857.0,0.0,63.0
1437,0.0,4288.0,0.0,0.0,15.0,224662.0,0.0,11.0
1438,0.0,33386.0,0.0,0.0,10.0,234967.0,0.0,1.0
1439,0.0,3257.0,0.0,0.0,23.0,292938.0,0.0,11.0
1440,0.0,2592.0,0.0,0.0,75.0,181868.0,0.0,10.0
1441,0.0,5313.0,1.0,0.0,26.0,189656.0,0.0,1.0
1442,0.0,11089.0,0.0,0.0,7.0,176631.0,0.0,157.0
1443,0.0,2304.0,0.0,0.0,13.0,178034.0,0.0,0.0
1444,0.0,2169.0,0.0,0.0,75.0,177183.0,0.0,32.0
1445,0.0,2945.0,1.0,0.0,65.0,178031.0,0.0,12.0
1446,0.0,100154.0,0.0,0.0,21.0,191682.0,0.0,1.0
1447,0.0,2959.0,0.0,0.0,15.0,181697.0,0.0,15.0
1448,0.0,3928.0,0.0,0.0,24.0,172199.0,0.0,37.0
1449,0.0,5163.0,0.0,0.0,32.0,168788.0,0.0,0.0
1450,0.0,2042.0,9.0,0.0,69.0,243179.0,0.0,1.0
1451,0.0,3207.0,0.0,0.0,33.0,156019.0,0.0,0.0
1452,0.0,7097.0,1.0,0.0,75.0,209777.0,0.0,0.0
1453,0.0,5054.0,0.0,0.0,20.0,169056.0,0.0,0.0
1454,0.0,4734.0,0.0,0.0,15.0,172084.0,0.0,5.0
1455,0.0,4286.0,0.0,0.0,84.0,185645.0,0.0,0.0
1456,0.0,3376.0,0.0,0.0,48.0,173486.0,0.0,7.0
1457,0.0,4254.0,0.0,0.0,69.0,353599.0,0.0,0.0
1458,0.0,2631.0,7.0,0.0,16.0,157332.0,0.0,0.0
1459,0.0,4556.0,0.0,0.0,11.0,179112.0,0.0,11.0
1460,0.0,7407.0,0.0,0.0,45.0,165776.0,0.0,34.0
1461,0.0,49720.0,0.0,0.0,57.0,206537.0,0.0,38.0
1462,0.0,1802.0,0.0,0.0,23.0,274279.0,0.0,1.0
1463,0.0,3171.0,0.0,0.0,59.0,170276.0,0.0,0.0
1464,0.0,386.0,0.0,0.0,2.0,21959.0,0.0,0.0
1465,0.0,1124.0,0.0,0.0,4.0,26518.0,0.0,0.0
1466,0.0,2266.0,0.0,0.0,4.0,23456.0,0.0,1.0
1467,0.0,708.0,0.0,0.0,15.0,24125.0,0.0,0.0
1468,0.0,883.0,0.0,0.0,5.0,23692.0,0.0,0.0
1469,0.0,18252.0,0.0,0.0,5.0,23747.0,0.0,0.0
1470,0.0,554.0,0.0,0.0,4.0,61893.0,0.0,2.0
1471,0.0,785.0,0.0,0.0,3.0,25092.0,0.0,0.0
1472,0.0,493.0,0.0,0.0,2.0,81606.0,0.0,62.0
1473,0.0,595.0,0.0,0.0,14.0,24605.0,0.0,6.0
1474,0.0,485.0,0.0,0.0,11.0,23613.0,0.0,0.0
1475,0.0,344.0,0.0,0.0,3.0,23971.0,0.0,0.0
1476,0.0,509.0,0.0,0.0,5.0,26771.0,0.0,0.0
1477,0.0,269.0,0.0,0.0,3.0,24637.0,0.0,1.0
1478,0.0,588.0,0.0,0.0,8.0,23323.0,0.0,14.0
1479,0.0,750.0,0.0,0.0,2.0,24667.0,0.0,0.0
1480,0.0,2505.0,0.0,0.0,7.0,24123.0,0.0,20.0
1481,0.0,669.0,0.0,0.0,5.0,25022.0,0.0,0.0
1482,0.0,19872.0,0.0,0.0,2.0,37113.0,0.0,0.0
1483,0.0,456.0,0.0,0.0,6.0,37821.0,0.0,0.0
1484,0.0,1889.0,0.0,0.0,8.0,62030.0,0.0,0.0
1485,0.0,576.0,0.0,0.0,15.0,44374.0,0.0,0.0
1486,0.0,297.0,0.0,0.0,1.0,23960.0,0.0,1.0
1487,0.0,734.0,0.0,0.0,6.0,25533.0,0.0,0.0
1488,0.0,1805.0,0.0,0.0,17.0,173928.0,0.0,0.0
1489,0.0,2912.0,0.0,0.0,24.0,286426.0,0.0,0.0
1490,0.0,79257.0,0.0,0.0,13.0,157994.0,0.0,182.0
1491,0.0,2798.0,0.0,0.0,13.0,169797.0,0.0,2.0
1492,0.0,1908.0,0.0,0.0,10.0,432801.0,0.0,24.0
1493,0.0,3838.0,0.0,0.0,17.0,167497.0,0.0,3.0
1494,0.0,2009.0,0.0,0.0,17.0,154534.0,0.0,1.0
1495,0.0,2435.0,0.0,0.0,5.0,150549.0,0.0,67.0
1496,0.0,2198.0,0.0,0.0,81.0,163795.0,0.0,0.0
1497,0.0,3456.0,0.0,0.0,26.0,152616.0,0.0,0.0
1498,0.0,1137.0,0.0,0.0,8.0,256063.0,0.0,1.0
1499,0.0,5593.0,0.0,0.0,9.0,148643.0,0.0,0.0
1500,0.0,8844.0,0.0,0.0,25.0,190958.0,0.0,0.0
1501,0.0,3827.0,0.0,0.0,33.0,163407.0,0.0,0.0
1502,0.0,4596.0,0.0,0.0,26.0,239839.0,0.0,1.0
1503,0.0,6346.0,0.0,0.0,97.0,169316.0,0.0,0.0
1504,0.0,3532.0,0.0,0.0,42.0,172046.0,0.0,2.0
1505,0.0,1107.0,0.0,0.0,41.0,341865.0,0.0,17.0
1506,0.0,4288.0,0.0,0.0,16.0,151528.0,0.0,0.0
1507,0.0,6067.0,0.0,0.0,33.0,180326.0,0.0,13.0
1508,0.0,3143.0,0.0,0.0,25.0,137173.0,0.0,0.0
1509,0.0,5360.0,0.0,0.0,26.0,219423.0,0.0,2.0
1510,0.0,220187.0,0.0,0.0,19.0,437213.0,0.0,0.0
1511,0.0,1949.0,0.0,0.0,44.0,339465.0,0.0,0.0
1512,0.0,6396.0,0.0,0.0,10.0,251245.0,1.0,0.0
1513,0.0,71370.0,0.0,0.0,16.0,258907.0,6.0,233.0
1514,0.0,3547.0,0.0,0.0,22.0,503301.0,54.0,53.0
1515,0.0,3870.0,0.0,0.0,11.0,242227.0,313.0,51.0
1516,0.0,4417.0,0.0,0.0,52.0,246934.0,9.0,0.0
1517,0.0,3961.0,0.0,0.0,97.0,268723.0,2.0,0.0
1518,0.0,10060.0,0.0,0.0,245.0,231548.0,29.0,3.0
1519,0.0,6054.0,0.0,0.0,18.0,232080.0,0.0,1.0
1520,0.0,4696.0,0.0,0.0,27.0,245486.0,65.0,1.0
1521,0.0,6658.0,0.0,0.0,22.0,238381.0,1.0,0.0
1522,0.0,2970.0,0.0,0.0,27.0,246773.0,54.0,38.0
1523,0.0,2706.0,0.0,0.0,23.0,465231.0,40.0,8.0
1524,0.0,4883.0,0.0,0.0,54.0,385101.0,2.0,17.0
1525,0.0,12327.0,0.0,0.0,47.0,429595.0,0.0,0.0
1526,0.0,2833.0,0.0,0.0,58.0,272425.0,14.0,0.0
1527,0.0,17485.0,0.0,0.0,7.0,240484.0,0.0,24.0
1528,0.0,3921.0,0.0,0.0,19.0,292116.0,24.0,332.0
1529,0.0,3976.0,0.0,0.0,47.0,355990.0,6.0,1.0
1530,0.0,4244.0,0.0,0.0,15.0,241241.0,0.0,0.0
1531,0.0,6867.0,0.0,0.0,15.0,248252.0,19.0,0.0
1532,0.0,3185.0,0.0,0.0,34.0,253542.0,3.0,51.0
1533,0.0,4203.0,0.0,0.0,17.0,223658.0,142.0,11.0
1534,0.0,3617.0,0.0,0.0,29.0,253264.0,25.0,0.0
1535,0.0,3765.0,0.0,0.0,27.0,306906.0,17.0,1.0
1536,0.0,5661.0,0.0,0.0,31.0,249667.0,0.0,0.0
1537,0.0,73037.0,0.0,0.0,9.0,259958.0,1.0,34.0
1538,0.0,3633.0,59.0,0.0,16.0,448600.0,0.0,37.0
1539,0.0,2868.0,0.0,0.0,34.0,253266.0,2.0,52.0
1540,0.0,4323.0,0.0,0.0,21.0,264651.0,7.0,0.0
1541,0.0,3894.0,0.0,0.0,8.0,286222.0,0.0,0.0
1542,0.0,5785.0,0.0,0.0,17.0,242582.0,198.0,6.0
1543,0.0,4712.0,1.0,0.0,48.0,230995.0,0.0,1.0
1544,0.0,6614.0,0.0,0.0,26.0,223713.0,0.0,2.0
1545,0.0,9482.0,0.0,0.0,30.0,242103.0,0.0,196.0
1546,0.0,11775.0,0.0,0.0,26.0,256167.0,23.0,66.0
1547,0.0,3409.0,0.0,0.0,21.0,445241.0,29.0,14.0
1548,0.0,3132.0,0.0,0.0,20.0,394923.0,126.0,30.0
1549,0.0,12214.0,0.0,0.0,14.0,268905.0,28.0,0.0
1550,0.0,2240.0,0.0,0.0,29.0,254880.0,0.0,0.0
1551,0.0,25514.0,0.0,0.0,8.0,273064.0,8.0,18.0
1552,1.0,3624.0,0.0,0.0,35.0,257805.0,8.0,316.0
1553,0.0,3698.0,0.0,0.0,31.0,371140.0,0.0,30.0
1554,0.0,4912.0,0.0,0.0,30.0,236612.0,0.0,0.0
1555,0.0,9958.0,0.0,0.0,15.0,265438.0,15.0,62.0
1556,0.0,2652.0,0.0,0.0,95.0,264659.0,0.0,43.0
1557,0.0,5246.0,0.0,0.0,30.0,242587.0,0.0,11.0
1558,0.0,2737.0,0.0,0.0,5.0,249785.0,3.0,1.0
1559,35.0,3114.0,0.0,0.0,28.0,292359.0,0.0,2.0
1560,0.0,6944.0,0.0,0.0,32.0,251676.0,0.0,0.0
1561,0.0,61869.0,0.0,0.0,8.0,266971.0,0.0,234.0
1562,0.0,5036.0,0.0,0.0,43.0,456995.0,36.0,69.0
1563,0.0,3573.0,0.0,0.0,45.0,247867.0,1.0,51.0
1564,0.0,4437.0,0.0,0.0,16.0,259659.0,34.0,54.0
1565,0.0,5262.0,0.0,0.0,27.0,252767.0,0.0,0.0
1566,0.0,7831.0,0.0,0.0,211.0,412114.0,241.0,3.0
1567,0.0,5425.0,0.0,0.0,396.0,249550.0,0.0,3.0
1568,0.0,5152.0,1.0,0.0,43.0,226936.0,3.0,16.0
1569,0.0,8736.0,0.0,0.0,40.0,246527.0,0.0,0.0
1570,0.0,4909.0,0.0,0.0,9.0,264377.0,1.0,82.0
1571,0.0,3149.0,0.0,0.0,20.0,364617.0,9.0,14.0
1572,0.0,3369.0,0.0,0.0,81.0,384492.0,1.0,31.0
1573,0.0,14815.0,0.0,0.0,11.0,276669.0,0.0,0.0
1574,0.0,2672.0,0.0,0.0,21.0,245368.0,0.0,0.0
1575,0.0,23322.0,0.0,0.0,31.0,474412.0,0.0,24.0
1576,0.0,3918.0,0.0,0.0,27.0,261872.0,6.0,330.0
1577,0.0,3640.0,0.0,0.0,19.0,375884.0,2.0,2.0
1578,0.0,4009.0,66.0,0.0,28.0,242405.0,0.0,0.0
1579,0.0,6245.0,0.0,0.0,56.0,255922.0,18.0,0.0
1580,0.0,2739.0,0.0,0.0,13.0,282228.0,0.0,0.0
1581,0.0,4884.0,0.0,0.0,12.0,250487.0,143.0,1.0
1582,0.0,3121.0,0.0,0.0,17.0,450277.0,3.0,1.0
1583,0.0,4526.0,0.0,0.0,12.0,262142.0,26.0,5.0
1584,0.0,5220.0,0.0,0.0,12.0,253169.0,1.0,0.0
1585,0.0,35448.0,0.0,0.0,9.0,255559.0,1.0,30.0
1586,0.0,6165.0,0.0,0.0,7.0,435786.0,28.0,60.0
1587,0.0,2498.0,0.0,0.0,11.0,239613.0,0.0,57.0
1588,0.0,4092.0,0.0,0.0,116.0,251700.0,6.0,0.0
1589,0.0,1906.0,0.0,0.0,42.0,278403.0,1.0,0.0
1590,0.0,4377.0,0.0,0.0,23.0,244255.0,389.0,4.0
1591,0.0,3819.0,0.0,0.0,22.0,252690.0,0.0,1.0
1592,0.0,2315.0,0.0,0.0,61.0,227839.0,0.0,0.0
1593,0.0,10100.0,0.0,0.0,8.0,252628.0,18.0,216.0
1594,0.0,3774.0,0.0,0.0,11.0,249152.0,0.0,49.0
1595,0.0,2784.0,0.0,0.0,72.0,259670.0,39.0,10.0
1596,0.0,2234.0,0.0,0.0,11.0,378808.0,268.0,21.0
1597,0.0,9543.0,0.0,0.0,17.0,439632.0,58.0,0.0
1598,0.0,2032.0,0.0,0.0,12.0,251834.0,0.0,0.0
1599,0.0,129142.0,0.0,0.0,22.0,413835.0,0.0,17.0
1600,0.0,4063.0,0.0,0.0,59.0,256144.0,15.0,330.0
1601,0.0,3468.0,0.0,0.0,16.0,367460.0,0.0,0.0
1602,0.0,4252.0,0.0,0.0,27.0,246382.0,0.0,0.0
1603,0.0,4305.0,0.0,0.0,12.0,449437.0,26.0,0.0
1604,0.0,2376.0,30.0,0.0,13.0,300990.0,10.0,45.0
1605,0.0,5722.0,0.0,0.0,14.0,233553.0,1.0,16.0
1606,0.0,12037.0,0.0,0.0,15.0,249135.0,4.0,0.0
1607,0.0,5100.0,0.0,0.0,20.0,244770.0,0.0,0.0
1608,0.0,5508.0,0.0,0.0,16.0,229524.0,0.0,0.0
1609,0.0,5041.0,0.0,0.0,14.0,235780.0,2.0,2.0
1610,0.0,5450.0,0.0,0.0,20.0,420763.0,34.0,91.0
1611,0.0,3265.0,0.0,0.0,19.0,221400.0,2.0,49.0
1612,0.0,3661.0,0.0,0.0,23.0,215210.0,7.0,0.0
1613,0.0,3441.0,0.0,0.0,30.0,234144.0,0.0,0.0
1614,0.0,6295.0,0.0,0.0,11.0,406433.0,351.0,0.0
1615,0.0,4075.0,0.0,0.0,12.0,222966.0,0.0,0.0
1616,0.0,4152.0,0.0,0.0,16.0,219355.0,1.0,1.0
1617,0.0,3779.0,0.0,0.0,5.0,213718.0,0.0,221.0
1618,0.0,2009.0,0.0,0.0,13.0,230220.0,203.0,0.0
1619,0.0,9750.0,0.0,0.0,36.0,209291.0,30.0,0.0
1620,0.0,3018.0,0.0,0.0,18.0,356943.0,0.0,0.0
1621,0.0,4032.0,0.0,0.0,5.0,246371.0,54.0,0.0
1622,0.0,2735.0,0.0,0.0,47.0,234464.0,0.0,0.0
1623,0.0,4459.0,0.0,0.0,6.0,219660.0,5.0,16.0
1624,0.0,3058.0,0.0,0.0,13.0,227010.0,14.0,326.0
1625,0.0,4677.0,0.0,0.0,26.0,350599.0,2.0,1.0
1626,0.0,2066.0,0.0,0.0,8.0,233939.0,0.0,0.0
1627,0.0,6451.0,0.0,0.0,21.0,285172.0,25.0,0.0
1628,0.0,2372.0,0.0,0.0,18.0,256603.0,0.0,19.0
1629,0.0,4971.0,0.0,0.0,13.0,217004.0,0.0,10.0
1630,0.0,2170.0,0.0,0.0,36.0,208104.0,4.0,1.0
1631,0.0,4093.0,0.0,0.0,27.0,205146.0,0.0,0.0
1632,0.0,4185.0,0.0,0.0,25.0,192544.0,0.0,0.0
1633,0.0,3775.0,0.0,0.0,4.0,306045.0,1.0,0.0
1634,0.0,4007.0,0.0,0.0,13.0,184508.0,0.0,202.0
1635,0.0,1050.0,0.0,0.0,6.0,378153.0,48.0,2.0
1636,0.0,1554.0,0.0,0.0,15.0,194897.0,0.0,24.0
1637,0.0,1739.0,0.0,0.0,25.0,183100.0,0.0,4.0
1638,0.0,1857.0,0.0,0.0,14.0,173069.0,0.0,22.0
1639,0.0,1681.0,0.0,0.0,26.0,171973.0,0.0,50.0
1640,0.0,3471.0,0.0,0.0,23.0,184806.0,2.0,0.0
1641,0.0,1708.0,0.0,0.0,10.0,171848.0,11.0,1.0
1642,0.0,3634.0,0.0,0.0,18.0,288223.0,0.0,1.0
1643,0.0,3202.0,0.0,0.0,10.0,193000.0,0.0,0.0
1644,0.0,5471.0,0.0,0.0,13.0,217714.0,376.0,0.0
1645,0.0,1952.0,0.0,0.0,15.0,392614.0,0.0,0.0
1646,0.0,2713.0,0.0,0.0,14.0,213952.0,24.0,1.0
1647,0.0,5232.0,0.0,0.0,10.0,210024.0,0.0,0.0
1648,0.0,5259.0,0.0,0.0,15.0,186226.0,0.0,3.0
1649,0.0,4041.0,0.0,0.0,12.0,192160.0,1.0,17.0
1650,0.0,2051.0,0.0,0.0,27.0,172743.0,0.0,352.0
1651,0.0,9842.0,0.0,0.0,63.0,180359.0,22.0,13.0
1652,0.0,1745.0,0.0,0.0,11.0,165037.0,211.0,0.0
1653,0.0,1358.0,0.0,0.0,10.0,185508.0,30.0,2.0
1654,0.0,274384.0,0.0,0.0,7.0,463403.0,0.0,0.0
1655,0.0,1758.0,0.0,0.0,31.0,261897.0,0.0,0.0
1656,0.0,3063.0,0.0,0.0,14.0,198404.0,0.0,0.0
1657,0.0,6618.0,0.0,0.0,16.0,301178.0,0.0,0.0
1658,0.0,8660.0,0.0,0.0,22.0,177754.0,0.0,199.0
1659,0.0,2378.0,0.0,0.0,11.0,188853.0,50.0,3.0
1660,0.0,2210.0,0.0,0.0,16.0,408650.0,0.0,24.0
1661,0.0,3556.0,0.0,0.0,13.0,188042.0,0.0,6.0
1662,0.0,11109.0,0.0,0.0,17.0,170991.0,0.0,21.0
1663,0.0,3081.0,0.0,0.0,20.0,180292.0,0.0,50.0
1664,0.0,4980.0,0.0,0.0,295.0,181555.0,3.0,0.0
1665,0.0,3125.0,0.0,0.0,40.0,171841.0,11.0,1.0
1666,0.0,3425.0,0.0,0.0,33.0,277498.0,63.0,1.0
1667,0.0,4531.0,0.0,0.0,96.0,187358.0,0.0,0.0
1668,0.0,11193.0,0.0,0.0,22.0,396808.0,356.0,0.0
1669,0.0,3373.0,0.0,0.0,17.0,196372.0,0.0,0.0
1670,0.0,3964.0,0.0,0.0,44.0,199572.0,24.0,1.0
1671,0.0,7421.0,0.0,0.0,16.0,208158.0,18.0,0.0
1672,0.0,2911.0,0.0,0.0,17.0,183913.0,0.0,4.0
1673,0.0,5343.0,0.0,0.0,34.0,196823.0,1.0,23.0
1674,0.0,2795.0,0.0,0.0,54.0,166085.0,0.0,382.0
1675,0.0,5198.0,0.0,0.0,31.0,182774.0,23.0,12.0
1676,0.0,3051.0,0.0,0.0,18.0,163868.0,196.0,0.0
1677,0.0,1818.0,0.0,0.0,14.0,170566.0,32.0,2.0
1678,0.0,305032.0,0.0,0.0,19.0,471250.0,1.0,0.0
1679,0.0,4384.0,0.0,0.0,38.0,168089.0,3.0,0.0
1680,0.0,2958.0,0.0,0.0,18.0,243954.0,0.0,0.0
1681,0.0,4496.0,0.0,0.0,5.0,244208.0,1.0,234.0
1682,0.0,5164.0,0.0,24.0,21.0,432308.0,0.0,42.0
1683,0.0,2199.0,0.0,0.0,12.0,467202.0,0.0,49.0
1684,0.0,2248.0,0.0,0.0,8.0,240175.0,5.0,60.0
1685,0.0,1801.0,0.0,3.0,8.0,262361.0,0.0,0.0
1686,0.0,3735.0,0.0,0.0,79.0,233565.0,358.0,2.0
1687,0.0,2826.0,0.0,0.0,14.0,241413.0,0.0,1.0
1688,0.0,3387.0,0.0,7.0,17.0,217876.0,1.0,0.0
1689,0.0,5488.0,0.0,0.0,58.0,232249.0,19.0,1.0
1690,0.0,1831.0,0.0,5.0,6.0,244806.0,27.0,84.0
1691,0.0,1789.0,0.0,0.0,26.0,246968.0,2.0,16.0
1692,0.0,1980.0,0.0,0.0,17.0,374742.0,0.0,34.0
1693,0.0,4295.0,0.0,0.0,16.0,434637.0,48.0,0.0
1694,0.0,1776.0,0.0,2.0,11.0,242870.0,0.0,0.0
1695,0.0,125782.0,0.0,0.0,16.0,324614.0,0.0,26.0
1696,0.0,2557.0,0.0,0.0,11.0,248233.0,11.0,317.0
1697,0.0,2862.0,0.0,2.0,17.0,371414.0,0.0,40.0
1698,0.0,2140.0,0.0,0.0,12.0,236455.0,0.0,0.0
1699,0.0,3999.0,0.0,0.0,10.0,257136.0,25.0,0.0
1700,0.0,1410.0,0.0,13.0,25.0,274507.0,5.0,18.0
1701,0.0,2905.0,0.0,10.0,5.0,227830.0,189.0,12.0
1702,0.0,1847.0,0.0,0.0,6.0,307953.0,2.0,1.0
1703,0.0,2164.0,0.0,0.0,10.0,256104.0,0.0,2.0
1704,0.0,1746.0,0.0,0.0,15.0,256718.0,1.0,6.0
1705,0.0,3919.0,0.0,0.0,6.0,249657.0,1.0,226.0
1706,0.0,3044.0,0.0,0.0,9.0,478657.0,0.0,84.0
1707,0.0,1279.0,0.0,0.0,17.0,584547.0,0.0,48.0
1708,0.0,2244.0,0.0,0.0,6.0,246536.0,4.0,49.0
1709,0.0,6779.0,0.0,0.0,7.0,277329.0,0.0,0.0
1710,0.0,2022.0,0.0,0.0,134.0,237539.0,379.0,4.0
1711,0.0,2137.0,0.0,0.0,6.0,238920.0,0.0,0.0
1712,0.0,3290.0,0.0,0.0,11.0,221665.0,1.0,19.0
1713,0.0,3024.0,0.0,0.0,7.0,247109.0,0.0,1.0
1714,0.0,2100.0,0.0,0.0,7.0,256889.0,27.0,86.0
1715,0.0,3999.0,0.0,0.0,17.0,238683.0,31.0,17.0
1716,0.0,1618.0,0.0,0.0,10.0,373853.0,0.0,95.0
1717,0.0,4262.0,0.0,0.0,6.0,454813.0,46.0,0.0
1718,0.0,1665.0,0.0,0.0,20.0,251662.0,0.0,1.0
1719,0.0,2691.0,0.0,0.0,4.0,392437.0,11.0,24.0
1720,0.0,1869.0,0.0,0.0,8.0,254475.0,10.0,354.0
1721,2.0,1798.0,0.0,0.0,9.0,367639.0,0.0,1.0
1722,0.0,1090.0,0.0,0.0,14.0,240355.0,1.0,0.0
1723,0.0,1160.0,0.0,0.0,10.0,252097.0,26.0,0.0
1724,0.0,1299.0,0.0,0.0,10.0,278304.0,0.0,0.0
1725,0.0,2495.0,0.0,0.0,6.0,238238.0,2.0,11.0
1726,0.0,1696.0,0.0,0.0,10.0,254796.0,3.0,2.0
1727,0.0,2236.0,0.0,0.0,8.0,246975.0,0.0,1.0
1728,0.0,3119.0,0.0,0.0,12.0,254490.0,1.0,0.0
1729,0.0,3855.0,0.0,0.0,17.0,242107.0,1.0,223.0
1730,0.0,5439.0,0.0,0.0,15.0,428457.0,0.0,66.0
1731,0.0,5176.0,0.0,0.0,12.0,234456.0,0.0,51.0
1732,0.0,1831.0,0.0,0.0,4.0,251308.0,4.0,0.0
1733,0.0,3057.0,0.0,0.0,8.0,256997.0,0.0,0.0
1734,0.0,3848.0,0.0,0.0,8.0,242816.0,389.0,2.0
1735,0.0,2559.0,0.0,0.0,8.0,237764.0,0.0,2.0
1736,0.0,4571.0,0.0,0.0,14.0,221530.0,1.0,0.0
1737,0.0,8266.0,0.0,0.0,10.0,239534.0,0.0,0.0
1738,0.0,1489.0,0.0,0.0,5.0,258194.0,23.0,72.0
1739,0.0,2285.0,0.0,0.0,20.0,323746.0,1.0,14.0
1740,0.0,2942.0,0.0,0.0,11.0,368730.0,0.0,26.0
1741,0.0,7962.0,0.0,0.0,40.0,464301.0,44.0,0.0
1742,0.0,1961.0,0.0,0.0,7.0,241754.0,0.0,21.0
1743,0.0,4745.0,0.0,0.0,11.0,238631.0,0.0,18.0
1744,0.0,2093.0,0.0,0.0,19.0,277604.0,10.0,311.0
1745,0.0,2371.0,0.0,0.0,8.0,363843.0,0.0,1.0
1746,0.0,3303.0,0.0,0.0,7.0,230246.0,63.0,6.0
1747,0.0,1835.0,0.0,0.0,22.0,257722.0,44.0,1.0
1748,0.0,1752.0,0.0,0.0,24.0,294699.0,0.0,70.0
1749,0.0,3103.0,0.0,0.0,11.0,224901.0,186.0,2.0
1750,0.0,2216.0,0.0,0.0,18.0,367791.0,3.0,3.0
1751,0.0,1804.0,0.0,0.0,7.0,254754.0,25.0,7.0
1752,0.0,3215.0,0.0,0.0,12.0,256505.0,0.0,0.0
1753,0.0,4018.0,0.0,0.0,8.0,255966.0,1.0,21.0
1754,0.0,3896.0,0.0,0.0,12.0,417440.0,28.0,0.0
1755,0.0,1931.0,0.0,0.0,10.0,244022.0,3.0,53.0
1756,0.0,1787.0,0.0,0.0,19.0,261885.0,7.0,1.0
1757,0.0,2670.0,0.0,0.0,14.0,247824.0,0.0,0.0
1758,0.0,4201.0,0.0,0.0,11.0,240255.0,357.0,5.0
1759,0.0,2555.0,0.0,0.0,8.0,246703.0,0.0,2.0
1760,0.0,4767.0,0.0,0.0,11.0,235083.0,1.0,0.0
1761,0.0,7935.0,0.0,0.0,14.0,243309.0,0.0,193.0
1762,0.0,2544.0,0.0,0.0,14.0,246529.0,0.0,66.0
1763,0.0,2186.0,0.0,0.0,15.0,440151.0,9.0,27.0
1764,0.0,3086.0,0.0,0.0,5.0,364938.0,0.0,26.0
1765,0.0,8012.0,0.0,0.0,19.0,476137.0,44.0,3.0
1766,0.0,2019.0,0.0,0.0,7.0,254276.0,0.0,0.0
1767,0.0,3528.0,0.0,0.0,18.0,289647.0,15.0,25.0
1768,0.0,2136.0,0.0,0.0,11.0,295403.0,10.0,319.0
1769,0.0,2787.0,0.0,0.0,4.0,368437.0,0.0,1.0
1770,0.0,2723.0,0.0,0.0,7.0,248315.0,0.0,8.0
1771,0.0,1408.0,0.0,0.0,7.0,261338.0,25.0,0.0
1772,0.0,2160.0,0.0,0.0,21.0,307144.0,0.0,53.0
1773,0.0,3757.0,0.0,0.0,5.0,249929.0,169.0,12.0
1774,0.0,2082.0,0.0,0.0,9.0,297856.0,5.0,2.0
1775,0.0,2086.0,0.0,0.0,15.0,250928.0,23.0,16.0
1776,0.0,4701.0,0.0,0.0,9.0,276473.0,0.0,0.0
1777,0.0,66486.0,0.0,0.0,5.0,227241.0,0.0,211.0
1778,0.0,2730.0,0.0,0.0,10.0,457146.0,23.0,45.0
1779,0.0,2542.0,0.0,0.0,27.0,217132.0,0.0,100.0
1780,0.0,3207.0,0.0,0.0,15.0,215331.0,4.0,0.0
1781,0.0,5450.0,0.0,0.0,37.0,238797.0,0.0,0.0
1782,0.0,5161.0,0.0,0.0,97.0,423771.0,146.0,3.0
1783,0.0,2611.0,0.0,0.0,10.0,214216.0,0.0,1.0
1784,0.0,3867.0,0.0,0.0,23.0,209274.0,0.0,8.0
1785,0.0,5213.0,0.0,0.0,25.0,206782.0,15.0,0.0
1786,0.0,2763.0,0.0,0.0,9.0,223407.0,71.0,29.0
1787,0.0,3122.0,0.0,0.0,9.0,246729.0,2.0,7.0
1788,0.0,2461.0,0.0,0.0,20.0,324783.0,0.0,14.0
1789,0.0,8307.0,0.0,0.0,90.0,251582.0,18.0,1.0
1790,0.0,1784.0,0.0,0.0,23.0,230284.0,0.0,0.0
1791,0.0,2741.0,0.0,0.0,18.0,408575.0,0.0,24.0
1792,0.0,2921.0,0.0,0.0,34.0,280158.0,5.0,357.0
1793,0.0,2231.0,0.0,0.0,19.0,326392.0,0.0,1.0
1794,0.0,2326.0,0.0,0.0,22.0,216483.0,0.0,0.0
1795,0.0,1571.0,0.0,0.0,10.0,427843.0,9.0,62.0
1796,0.0,2381.0,0.0,0.0,20.0,228149.0,5.0,0.0
1797,0.0,3833.0,0.0,0.0,11.0,211507.0,0.0,10.0
1798,0.0,20243.0,0.0,0.0,31.0,361444.0,4.0,1.0
1799,0.0,2281.0,0.0,0.0,31.0,211319.0,0.0,0.0
1800,0.0,8752.0,0.0,0.0,19.0,159289.0,0.0,0.0
1801,0.0,4699.0,0.0,0.0,5.0,220439.0,0.0,0.0
1802,0.0,94954.0,0.0,0.0,4.0,149517.0,0.0,43.0
1803,0.0,2497.0,0.0,0.0,24.0,163345.0,0.0,1.0
1804,0.0,1821.0,0.0,0.0,5.0,158307.0,0.0,7.0
1805,0.0,2474.0,0.0,0.0,16.0,159606.0,0.0,2.0
1806,0.0,1656.0,0.0,0.0,85.0,191804.0,0.0,32.0
1807,0.0,2320.0,0.0,0.0,10.0,142435.0,0.0,49.0
1808,0.0,3751.0,0.0,0.0,7.0,139222.0,0.0,7.0
1809,0.0,2268.0,0.0,0.0,23.0,145215.0,0.0,0.0
1810,0.0,4127.0,0.0,0.0,13.0,165674.0,0.0,1.0
1811,0.0,1317.0,0.0,0.0,5.0,159174.0,0.0,0.0
1812,0.0,5406.0,0.0,0.0,13.0,393658.0,0.0,0.0
1813,0.0,4099.0,0.0,0.0,5.0,155416.0,0.0,0.0
1814,0.0,788.0,0.0,0.0,3.0,328112.0,0.0,1.0
1815,0.0,3959.0,0.0,0.0,6.0,163396.0,0.0,0.0
1816,0.0,11568.0,0.0,0.0,8.0,141239.0,0.0,2.0
1817,0.0,2826.0,0.0,0.0,4.0,175158.0,0.0,0.0
1818,0.0,1308.0,0.0,0.0,5.0,147386.0,0.0,0.0
1819,0.0,6644.0,0.0,0.0,7.0,153850.0,0.0,11.0
1820,0.0,3369.0,0.0,0.0,5.0,158573.0,0.0,0.0
1821,0.0,1681.0,0.0,0.0,3.0,294251.0,0.0,1.0
1822,0.0,847.0,0.0,0.0,10.0,152765.0,0.0,0.0
1823,0.0,2905.0,0.0,0.0,6.0,141701.0,0.0,0.0
1824,0.0,1340.0,0.0,0.0,29.0,126415.0,0.0,1.0
1825,0.0,15154.0,0.0,0.0,28.0,139305.0,0.0,0.0
1826,0.0,3949.0,0.0,0.0,8.0,124015.0,0.0,0.0
1827,0.0,5456.0,0.0,0.0,4.0,124678.0,0.0,0.0
1828,0.0,4212.0,0.0,0.0,106.0,120737.0,0.0,0.0
1829,0.0,94919.0,0.0,0.0,25.0,132065.0,0.0,0.0
1830,0.0,3571.0,0.0,0.0,8.0,301151.0,0.0,0.0
1831,0.0,3271.0,0.0,0.0,21.0,128485.0,0.0,0.0
1832,0.0,1744.0,0.0,0.0,38.0,128507.0,0.0,0.0
1833,0.0,2233.0,0.0,0.0,10.0,134590.0,0.0,0.0
1834,0.0,2868.0,0.0,0.0,15.0,136335.0,0.0,0.0
1835,0.0,2755.0,0.0,0.0,9.0,360732.0,0.0,0.0
1836,0.0,1427.0,0.0,0.0,13.0,125806.0,0.0,0.0
1837,0.0,2076.0,0.0,0.0,17.0,194708.0,0.0,0.0
1838,0.0,4600.0,0.0,0.0,15.0,124259.0,0.0,15.0
1839,0.0,3160.0,0.0,0.0,18.0,138531.0,0.0,51.0
1840,0.0,2634.0,0.0,0.0,23.0,125015.0,0.0,343.0
1841,0.0,4913.0,0.0,0.0,18.0,127898.0,0.0,0.0
1842,0.0,5949.0,0.0,0.0,18.0,270592.0,0.0,0.0
1843,0.0,2564.0,0.0,0.0,7.0,267649.0,0.0,0.0
1844,0.0,4502.0,0.0,0.0,36.0,143965.0,0.0,0.0
1845,0.0,3036.0,0.0,0.0,18.0,217847.0,0.0,1.0
1846,0.0,1719.0,0.0,0.0,9.0,126489.0,0.0,0.0
1847,0.0,3781.0,0.0,0.0,187.0,208075.0,0.0,0.0
1848,0.0,6201.0,0.0,0.0,35.0,218150.0,0.0,0.0
1849,0.0,42582.0,0.0,0.0,16.0,217465.0,0.0,22.0
1850,0.0,4089.0,0.0,0.0,22.0,355991.0,0.0,45.0
1851,0.0,3140.0,0.0,0.0,22.0,232508.0,0.0,50.0
1852,0.0,3083.0,0.0,0.0,11.0,213275.0,0.0,0.0
1853,0.0,5564.0,0.0,0.0,17.0,237339.0,0.0,0.0
1854,0.0,4365.0,0.0,0.0,14.0,197173.0,0.0,2.0
1855,0.0,3906.0,0.0,0.0,23.0,210432.0,0.0,21.0
1856,0.0,6668.0,0.0,0.0,14.0,207129.0,0.0,0.0
1857,0.0,3565.0,0.0,0.0,54.0,218614.0,0.0,151.0
1858,0.0,2497.0,0.0,0.0,13.0,212624.0,0.0,42.0
1859,0.0,6951.0,0.0,0.0,20.0,404229.0,0.0,10.0
1860,0.0,2760.0,0.0,0.0,35.0,286153.0,0.0,2.0
1861,0.0,9090.0,0.0,0.0,16.0,439608.0,0.0,63.0
1862,0.0,2384.0,0.0,0.0,10.0,227228.0,0.0,0.0
1863,0.0,4814.0,0.0,0.0,8.0,255707.0,0.0,22.0
1864,0.0,1981.0,0.0,0.0,18.0,285694.0,0.0,362.0
1865,0.0,1787.0,0.0,0.0,19.0,263972.0,0.0,23.0
1866,0.0,2644.0,0.0,0.0,16.0,217669.0,0.0,1.0
1867,0.0,2155.0,0.0,0.0,19.0,388546.0,0.0,1.0
1868,0.0,1329.0,0.0,0.0,16.0,222297.0,0.0,42.0
1869,0.0,2128.0,0.0,0.0,13.0,236996.0,0.0,13.0
1870,0.0,2027.0,0.0,0.0,11.0,205373.0,0.0,1.0
1871,0.0,3852.0,0.0,0.0,23.0,212539.0,0.0,1.0
1872,0.0,4132.0,0.0,0.0,7.0,256652.0,0.0,0.0
1873,0.0,4995.0,0.0,0.0,20.0,251650.0,0.0,15.0
1874,0.0,2973.0,0.0,0.0,11.0,452483.0,0.0,62.0
1875,0.0,1182.0,0.0,0.0,12.0,237131.0,0.0,89.0
1876,0.0,1931.0,0.0,0.0,16.0,245334.0,0.0,12.0
1877,0.0,2494.0,0.0,0.0,16.0,278815.0,0.0,0.0
1878,0.0,3086.0,0.0,0.0,31.0,228853.0,0.0,3.0
1879,0.0,2170.0,0.0,0.0,66.0,230902.0,0.0,0.0
1880,0.0,3187.0,0.0,0.0,25.0,225028.0,0.0,0.0
1881,0.0,5600.0,0.0,0.0,12.0,243381.0,0.0,206.0
1882,0.0,2440.0,0.0,0.0,19.0,244529.0,0.0,57.0
1883,0.0,2219.0,0.0,0.0,12.0,417087.0,0.0,11.0
1884,0.0,1984.0,0.0,0.0,11.0,292789.0,0.0,23.0
1885,0.0,6792.0,0.0,0.0,13.0,524466.0,0.0,0.0
1886,0.0,2285.0,0.0,0.0,13.0,246659.0,0.0,0.0
1887,0.0,2424.0,0.0,0.0,18.0,247225.0,0.0,24.0
1888,0.0,1910.0,0.0,0.0,17.0,255157.0,0.0,338.0
1889,0.0,2948.0,0.0,0.0,13.0,349237.0,0.0,1.0
1890,0.0,1159.0,0.0,0.0,16.0,250642.0,0.0,0.0
1891,0.0,1241.0,0.0,0.0,28.0,251734.0,0.0,0.0
1892,0.0,3198.0,0.0,0.0,24.0,280530.0,0.0,0.0
1893,0.0,2422.0,0.0,0.0,11.0,241051.0,0.0,12.0
1894,0.0,1491.0,0.0,0.0,7.0,384767.0,0.0,1.0
1895,0.0,1494.0,0.0,0.0,13.0,255846.0,0.0,0.0
1896,0.0,3092.0,0.0,0.0,10.0,252286.0,0.0,4.0
1897,0.0,5196.0,0.0,0.0,15.0,249729.0,0.0,17.0
1898,0.0,3187.0,0.0,0.0,13.0,448406.0,0.0,35.0
1899,0.0,1412.0,0.0,0.0,8.0,239546.0,0.0,54.0
1900,0.0,1440.0,0.0,0.0,9.0,303857.0,0.0,0.0
1901,0.0,2475.0,0.0,0.0,11.0,262763.0,0.0,0.0
1902,0.0,2069.0,0.0,0.0,5.0,238790.0,0.0,5.0
1903,0.0,2435.0,0.0,0.0,14.0,235603.0,0.0,2.0
1904,0.0,2020.0,0.0,0.0,9.0,240407.0,0.0,0.0
1905,0.0,6694.0,0.0,0.0,25.0,245635.0,0.0,207.0
1906,0.0,1557.0,0.0,0.0,11.0,240763.0,0.0,55.0
1907,0.0,1853.0,0.0,0.0,17.0,236645.0,0.0,11.0
1908,0.0,2117.0,0.0,0.0,25.0,286873.0,0.0,24.0
1909,0.0,7025.0,0.0,0.0,18.0,530577.0,0.0,0.0
1910,0.0,2221.0,0.0,0.0,13.0,251042.0,0.0,0.0
1911,0.0,2961.0,0.0,0.0,30.0,389964.0,0.0,18.0
1912,0.0,1995.0,0.0,0.0,16.0,260694.0,0.0,346.0
1913,0.0,1972.0,0.0,0.0,21.0,351697.0,0.0,25.0
1914,0.0,828.0,0.0,0.0,6.0,271588.0,0.0,0.0
1915,0.0,1388.0,0.0,0.0,21.0,260748.0,0.0,0.0
1916,0.0,2055.0,0.0,0.0,22.0,254103.0,0.0,53.0
1917,0.0,3631.0,0.0,0.0,14.0,238751.0,0.0,11.0
1918,0.0,3799.0,0.0,0.0,11.0,390422.0,0.0,1.0
1919,0.0,1985.0,0.0,0.0,9.0,242815.0,0.0,4.0
1920,0.0,3859.0,0.0,0.0,23.0,244338.0,0.0,0.0
1921,0.0,19065.0,0.0,0.0,13.0,239706.0,0.0,24.0
1922,0.0,7118.0,0.0,0.0,17.0,377484.0,0.0,110.0
1923,0.0,4070.0,0.0,0.0,24.0,228267.0,0.0,47.0
1924,0.0,4302.0,0.0,0.0,29.0,235460.0,0.0,0.0
1925,0.0,5974.0,0.0,0.0,30.0,251098.0,0.0,19.0
1926,0.0,7458.0,0.0,0.0,31.0,234715.0,0.0,0.0
1927,0.0,5508.0,0.0,0.0,6.0,229941.0,0.0,8.0
1928,0.0,4714.0,0.0,0.0,21.0,228520.0,0.0,16.0
1929,0.0,5199.0,0.0,0.0,24.0,238045.0,0.0,221.0
1930,0.0,2928.0,0.0,0.0,10.0,245599.0,0.0,74.0
1931,0.0,8734.0,0.0,0.0,23.0,319193.0,0.0,16.0
1932,0.0,2902.0,0.0,0.0,9.0,283852.0,0.0,0.0
1933,0.0,13405.0,0.0,0.0,9.0,527235.0,0.0,63.0
1934,0.0,3215.0,0.0,0.0,11.0,240274.0,0.0,0.0
1935,0.0,10974.0,0.0,0.0,16.0,242973.0,0.0,20.0
1936,0.0,3153.0,0.0,0.0,21.0,255297.0,0.0,324.0
1937,0.0,3498.0,0.0,0.0,20.0,383078.0,0.0,1.0
1938,0.0,2645.0,0.0,0.0,10.0,274880.0,0.0,8.0
1939,0.0,2286.0,0.0,0.0,35.0,425488.0,0.0,0.0
1940,0.0,2274.0,0.0,0.0,84.0,264391.0,0.0,58.0
1941,0.0,3416.0,0.0,0.0,11.0,238003.0,0.0,14.0
1942,0.0,2667.0,0.0,0.0,35.0,233106.0,0.0,1.0
1943,0.0,2631.0,0.0,0.0,16.0,235414.0,0.0,1.0
1944,0.0,1933.0,0.0,0.0,17.0,219519.0,0.0,0.0
1945,0.0,64986.0,0.0,0.0,8.0,219867.0,0.0,211.0
1946,0.0,2799.0,0.0,0.0,7.0,221646.0,0.0,24.0
1947,0.0,1796.0,0.0,0.0,69.0,210976.0,0.0,74.0
1948,0.0,4323.0,0.0,0.0,6.0,208502.0,0.0,0.0
1949,0.0,2981.0,0.0,0.0,13.0,277103.0,0.0,1.0
1950,0.0,2256.0,0.0,0.0,19.0,202418.0,0.0,0.0
1951,0.0,3089.0,0.0,0.0,8.0,201908.0,0.0,0.0
1952,0.0,2646.0,0.0,0.0,8.0,209182.0,0.0,1.0
1953,0.0,3598.0,0.0,0.0,15.0,209732.0,0.0,0.0
1954,0.0,1367.0,0.0,0.0,17.0,221054.0,0.0,1.0
1955,0.0,3269.0,0.0,0.0,13.0,387577.0,0.0,1.0
1956,0.0,14175.0,0.0,0.0,22.0,250281.0,0.0,0.0
1957,0.0,8539.0,0.0,0.0,25.0,507994.0,0.0,0.0
1958,0.0,2835.0,0.0,0.0,23.0,222486.0,0.0,0.0
1959,0.0,2633.0,0.0,0.0,26.0,220039.0,0.0,29.0
1960,0.0,2017.0,0.0,0.0,4.0,219218.0,0.0,332.0
1961,0.0,2416.0,0.0,0.0,13.0,298990.0,0.0,7.0
1962,0.0,2340.0,0.0,0.0,11.0,248081.0,0.0,0.0
1963,0.0,1659.0,0.0,0.0,23.0,217306.0,0.0,0.0
1964,0.0,1838.0,0.0,0.0,25.0,225681.0,0.0,0.0
1965,0.0,4498.0,0.0,0.0,12.0,207330.0,0.0,12.0
1966,0.0,2989.0,0.0,0.0,31.0,202535.0,0.0,0.0
1967,0.0,3342.0,0.0,0.0,12.0,196709.0,0.0,0.0
1968,0.0,3162.0,0.0,0.0,13.0,195752.0,0.0,0.0
1969,0.0,2877.0,0.0,0.0,45.0,205018.0,0.0,0.0
1970,0.0,60568.0,0.0,0.0,16.0,186813.0,0.0,192.0
1971,0.0,2818.0,0.0,0.0,6.0,191715.0,0.0,3.0
1972,0.0,4952.0,0.0,0.0,28.0,195571.0,0.0,24.0
1973,0.0,2286.0,0.0,0.0,13.0,204755.0,0.0,4.0
1974,0.0,2191.0,0.0,0.0,81.0,178026.0,0.0,21.0
1975,0.0,1944.0,0.0,0.0,11.0,182536.0,0.0,48.0
1976,0.0,3019.0,0.0,0.0,12.0,177883.0,0.0,16.0
1977,0.0,3942.0,0.0,0.0,12.0,189730.0,0.0,0.0
1978,0.0,2685.0,0.0,0.0,60.0,170005.0,0.0,2.0
1979,0.0,3314.0,0.0,0.0,14.0,193243.0,0.0,0.0
1980,0.0,1812.0,0.0,0.0,20.0,488452.0,0.0,0.0
1981,0.0,3195.0,0.0,0.0,6.0,190293.0,0.0,0.0
1982,0.0,2651.0,0.0,0.0,17.0,401880.0,0.0,1.0
1983,0.0,3237.0,0.0,0.0,13.0,194827.0,0.0,0.0
1984,0.0,11255.0,0.0,0.0,21.0,196071.0,0.0,2.0
1985,0.0,3506.0,0.0,0.0,13.0,188017.0,0.0,0.0
1986,0.0,1938.0,0.0,0.0,21.0,189609.0,0.0,0.0
1987,0.0,3013.0,0.0,0.0,14.0,190905.0,0.0,11.0
1988,0.0,3226.0,0.0,0.0,8.0,166876.0,0.0,0.0
1989,0.0,1585.0,0.0,0.0,9.0,330152.0,0.0,2.0
1990,0.0,1370.0,0.0,0.0,13.0,166201.0,0.0,0.0
1991,0.0,1953.0,0.0,0.0,11.0,335588.0,0.0,0.0
1992,0.0,2108.0,0.0,0.0,19.0,199196.0,0.0,0.0
1993,0.0,2983.0,0.0,0.0,28.0,205142.0,0.0,0.0
1994,0.0,64118.0,0.0,0.0,18.0,182911.0,0.0,211.0
1995,0.0,4141.0,0.0,0.0,10.0,194851.0,0.0,3.0
1996,0.0,1923.0,0.0,0.0,39.0,192849.0,0.0,25.0
1997,0.0,2036.0,0.0,0.0,23.0,195621.0,0.0,6.0
1998,0.0,2240.0,0.0,0.0,22.0,178457.0,0.0,21.0
1999,0.0,2073.0,0.0,0.0,48.0,176492.0,0.0,49.0
2000,0.0,2928.0,0.0,0.0,4.0,177823.0,0.0,0.0
2001,0.0,3839.0,0.0,0.0,9.0,183425.0,0.0,0.0
2002,0.0,3259.0,0.0,0.0,21.0,169033.0,0.0,1.0
2003,0.0,7953.0,0.0,0.0,6.0,174368.0,0.0,0.0
2004,0.0,1669.0,0.0,0.0,16.0,488011.0,0.0,0.0
2005,0.0,3805.0,0.0,0.0,6.0,198548.0,0.0,0.0
2006,0.0,1986.0,0.0,0.0,6.0,393795.0,0.0,1.0
2007,0.0,3444.0,0.0,0.0,16.0,191167.0,0.0,19.0
2008,0.0,1604.0,0.0,0.0,6.0,198734.0,0.0,3.0
2009,0.0,4071.0,0.0,0.0,11.0,195098.0,0.0,20.0
2010,0.0,4965.0,0.0,0.0,11.0,184090.0,0.0,0.0
2011,0.0,4383.0,0.0,0.0,30.0,194241.0,0.0,11.0
2012,0.0,2261.0,0.0,0.0,24.0,163878.0,0.0,0.0
2013,0.0,3744.0,0.0,0.0,9.0,324265.0,0.0,64.0
2014,0.0,1287.0,0.0,0.0,13.0,163811.0,0.0,0.0
2015,0.0,2207.0,0.0,0.0,19.0,173129.0,0.0,0.0
2016,0.0,1257.0,0.0,0.0,5.0,251043.0,0.0,0.0
2017,0.0,1569.0,0.0,0.0,10.0,259380.0,0.0,256.0
2018,0.0,4127.0,0.0,0.0,5.0,403225.0,0.0,41.0
2019,0.0,564.0,0.0,0.0,7.0,238302.0,0.0,55.0
2020,0.0,1293.0,0.0,0.0,6.0,285124.0,0.0,0.0
2021,0.0,2584.0,0.0,0.0,13.0,242335.0,0.0,0.0
2022,0.0,1242.0,0.0,0.0,5.0,234161.0,0.0,5.0
2023,0.0,1010.0,0.0,0.0,8.0,234230.0,0.0,1.0
2024,0.0,624.0,0.0,0.0,7.0,231068.0,0.0,2.0
2025,0.0,1463.0,0.0,0.0,6.0,242615.0,0.0,0.0
2026,0.0,876.0,0.0,0.0,5.0,246081.0,0.0,82.0
2027,0.0,1280.0,0.0,0.0,4.0,243519.0,0.0,16.0
2028,0.0,755.0,0.0,0.0,4.0,290149.0,0.0,37.0
2029,0.0,2004.0,0.0,0.0,32.0,529143.0,0.0,0.0
2030,0.0,1513.0,0.0,0.0,6.0,239455.0,0.0,0.0
2031,0.0,1521.0,0.0,0.0,5.0,414794.0,0.0,33.0
2032,0.0,947.0,0.0,0.0,4.0,270875.0,0.0,352.0
2033,0.0,1847.0,0.0,0.0,6.0,320552.0,0.0,42.0
2034,0.0,448.0,0.0,0.0,5.0,278687.0,0.0,3.0
2035,0.0,173.0,0.0,0.0,5.0,252179.0,0.0,1.0
2036,0.0,2046.0,0.0,0.0,4.0,248614.0,0.0,86.0
2037,0.0,1275.0,0.0,0.0,5.0,240460.0,0.0,13.0
2038,0.0,858.0,0.0,0.0,7.0,234017.0,0.0,0.0
2039,0.0,1046.0,0.0,0.0,6.0,228245.0,0.0,11.0
2040,0.0,1072.0,0.0,0.0,13.0,265373.0,0.0,0.0
2041,0.0,1080.0,0.0,0.0,8.0,271891.0,0.0,243.0
2042,0.0,1463.0,0.0,0.0,4.0,463323.0,0.0,40.0
2043,0.0,348.0,0.0,0.0,3.0,262163.0,0.0,57.0
2044,0.0,1174.0,0.0,0.0,3.0,257333.0,0.0,0.0
2045,0.0,1659.0,0.0,0.0,5.0,282641.0,0.0,0.0
2046,0.0,1100.0,0.0,0.0,4.0,261697.0,0.0,6.0
2047,0.0,1221.0,0.0,0.0,4.0,252993.0,0.0,1.0
2048,0.0,950.0,0.0,0.0,7.0,247407.0,0.0,0.0
2049,0.0,1379.0,0.0,0.0,3.0,254768.0,0.0,0.0
2050,0.0,842.0,0.0,0.0,5.0,268121.0,0.0,79.0
2051,0.0,1677.0,0.0,0.0,4.0,261350.0,0.0,16.0
2052,0.0,1369.0,0.0,0.0,7.0,314176.0,0.0,35.0
2053,0.0,1918.0,0.0,0.0,3.0,550919.0,0.0,0.0
2054,0.0,1221.0,0.0,0.0,6.0,271056.0,0.0,0.0
2055,0.0,1793.0,0.0,0.0,4.0,259124.0,0.0,23.0
2056,0.0,648.0,0.0,0.0,3.0,295321.0,0.0,351.0
2057,0.0,1351.0,0.0,0.0,21.0,376716.0,0.0,37.0
2058,0.0,626.0,0.0,0.0,4.0,266451.0,0.0,0.0
2059,0.0,596.0,0.0,0.0,4.0,275052.0,0.0,0.0
2060,0.0,666.0,0.0,0.0,12.0,273726.0,0.0,66.0
2061,0.0,1501.0,0.0,0.0,4.0,252123.0,0.0,16.0
2062,0.0,2489.0,0.0,0.0,7.0,256472.0,0.0,0.0
2063,0.0,3911.0,0.0,0.0,4.0,242602.0,0.0,6.0
2064,0.0,1101.0,0.0,0.0,3.0,241884.0,0.0,0.0
2065,0.0,565.0,0.0,0.0,4.0,236435.0,0.0,234.0
2066,0.0,3539.0,0.0,0.0,5.0,385388.0,0.0,40.0
2067,0.0,252.0,0.0,0.0,5.0,228364.0,0.0,42.0
2068,0.0,988.0,0.0,0.0,3.0,222689.0,0.0,0.0
2069,0.0,1181.0,0.0,0.0,6.0,251900.0,0.0,0.0
2070,0.0,1147.0,0.0,0.0,3.0,235151.0,0.0,24.0
2071,0.0,1402.0,0.0,0.0,4.0,230652.0,0.0,0.0
2072,0.0,893.0,0.0,0.0,8.0,237771.0,0.0,2.0
2073,0.0,889.0,0.0,0.0,5.0,223718.0,0.0,3.0
2074,0.0,722.0,0.0,0.0,4.0,238867.0,0.0,83.0
2075,0.0,1229.0,0.0,0.0,3.0,231856.0,0.0,18.0
2076,0.0,1010.0,0.0,0.0,17.0,262827.0,0.0,38.0
2077,0.0,1429.0,0.0,0.0,14.0,518872.0,0.0,63.0
2078,0.0,997.0,0.0,0.0,10.0,234656.0,0.0,0.0
2079,0.0,1130.0,0.0,0.0,3.0,239606.0,0.0,21.0
2080,0.0,568.0,0.0,0.0,3.0,237443.0,0.0,323.0
2081,0.0,1496.0,0.0,0.0,4.0,284224.0,0.0,43.0
2082,0.0,1920.0,0.0,0.0,4.0,249653.0,0.0,5.0
2083,0.0,628.0,0.0,0.0,3.0,434061.0,0.0,1.0
2084,0.0,819.0,0.0,0.0,11.0,274695.0,0.0,58.0
2085,0.0,1156.0,0.0,0.0,3.0,219243.0,0.0,8.0
2086,0.0,2487.0,0.0,0.0,3.0,380975.0,0.0,1.0
2087,0.0,1098.0,0.0,0.0,4.0,221849.0,0.0,4.0
2088,0.0,1135.0,0.0,0.0,14.0,249955.0,0.0,0.0
2089,0.0,947.0,0.0,0.0,3.0,262528.0,0.0,266.0
2090,0.0,1562.0,0.0,0.0,3.0,378701.0,0.0,42.0
2091,0.0,501.0,0.0,0.0,4.0,244120.0,0.0,49.0
2092,0.0,904.0,0.0,0.0,3.0,246437.0,0.0,0.0
2093,0.0,5361.0,0.0,0.0,3.0,248427.0,0.0,0.0
2094,0.0,1351.0,0.0,0.0,3.0,236274.0,0.0,5.0
2095,0.0,1666.0,0.0,0.0,4.0,238365.0,0.0,1.0
2096,0.0,2887.0,0.0,0.0,4.0,237357.0,0.0,1.0
2097,0.0,2624.0,0.0,0.0,4.0,242520.0,0.0,1.0
2098,0.0,2310.0,0.0,0.0,5.0,254859.0,0.0,80.0
2099,0.0,1428.0,0.0,0.0,4.0,239947.0,0.0,17.0
2100,0.0,896.0,0.0,0.0,5.0,284862.0,0.0,34.0
2101,0.0,2299.0,0.0,0.0,32.0,533262.0,0.0,0.0
2102,0.0,1407.0,0.0,0.0,6.0,239710.0,0.0,1.0
2103,0.0,2235.0,0.0,0.0,3.0,248622.0,0.0,26.0
2104,0.0,1313.0,0.0,0.0,4.0,260413.0,0.0,346.0
2105,0.0,1568.0,0.0,0.0,11.0,380764.0,0.0,38.0
2106,0.0,843.0,0.0,0.0,4.0,262354.0,0.0,5.0
2107,0.0,530.0,0.0,0.0,6.0,296493.0,0.0,0.0
2108,0.0,1939.0,0.0,0.0,4.0,272145.0,0.0,82.0
2109,0.0,1222.0,0.0,0.0,4.0,237602.0,0.0,9.0
2110,0.0,6113.0,0.0,0.0,4.0,388919.0,0.0,0.0
2111,0.0,1609.0,0.0,0.0,5.0,234545.0,0.0,11.0
2112,0.0,1154.0,0.0,0.0,10.0,219974.0,0.0,20.0
2113,0.0,949.0,0.0,0.0,4.0,235220.0,0.0,1.0
2114,0.0,2057.0,0.0,0.0,3.0,216869.0,0.0,2.0
2115,0.0,755.0,0.0,0.0,19.0,240494.0,0.0,246.0
2116,0.0,918.0,0.0,0.0,4.0,224521.0,0.0,35.0
2117,0.0,989.0,0.0,0.0,3.0,209184.0,0.0,26.0
2118,0.0,592.0,0.0,0.0,3.0,213124.0,0.0,1.0
2119,0.0,770.0,0.0,0.0,6.0,276111.0,0.0,78.0
2120,0.0,1504.0,0.0,0.0,4.0,197460.0,0.0,355.0
2121,0.0,342.0,0.0,0.0,6.0,212200.0,0.0,0.0
2122,0.0,481.0,0.0,0.0,5.0,346670.0,0.0,1.0
2123,0.0,1208.0,0.0,0.0,8.0,203696.0,0.0,0.0
2124,0.0,1000.0,0.0,0.0,4.0,527944.0,0.0,4.0
2125,0.0,576.0,0.0,0.0,5.0,209735.0,0.0,0.0
2126,0.0,866.0,0.0,0.0,4.0,383624.0,0.0,2.0
2127,0.0,729.0,0.0,0.0,5.0,282508.0,0.0,0.0
2128,0.0,1212.0,0.0,0.0,3.0,207347.0,0.0,14.0
2129,0.0,908.0,0.0,0.0,4.0,219157.0,0.0,56.0
2130,0.0,1858.0,0.0,0.0,4.0,201428.0,0.0,0.0
2131,0.0,1054.0,0.0,0.0,4.0,219405.0,0.0,16.0
2132,0.0,1069.0,0.0,0.0,3.0,386026.0,0.0,48.0
2133,0.0,6496.0,0.0,0.0,4.0,204049.0,0.0,2.0
2134,0.0,1039.0,0.0,0.0,6.0,191273.0,0.0,14.0
2135,0.0,1049.0,0.0,0.0,3.0,196603.0,0.0,0.0
2136,0.0,921.0,0.0,0.0,6.0,163661.0,0.0,0.0
2137,0.0,737.0,0.0,0.0,4.0,197550.0,0.0,0.0
2138,0.0,878.0,0.0,0.0,3.0,166153.0,0.0,0.0
2139,0.0,1187.0,0.0,0.0,4.0,166734.0,0.0,0.0
2140,0.0,3602.0,0.0,0.0,4.0,197726.0,0.0,0.0
2141,0.0,728.0,0.0,0.0,3.0,173951.0,0.0,0.0
2142,0.0,553.0,0.0,0.0,3.0,432240.0,0.0,203.0
2143,0.0,773.0,0.0,0.0,2.0,172987.0,0.0,23.0
2144,0.0,1031.0,0.0,0.0,6.0,457922.0,0.0,2.0
2145,0.0,798.0,0.0,0.0,5.0,291548.0,0.0,0.0
2146,0.0,2663.0,0.0,0.0,4.0,178244.0,0.0,18.0
2147,0.0,1076.0,0.0,0.0,2.0,175513.0,0.0,4.0
2148,0.0,1889.0,0.0,0.0,5.0,156565.0,0.0,1.0
2149,0.0,1056.0,0.0,0.0,5.0,173875.0,0.0,1.0
2150,0.0,536.0,0.0,0.0,3.0,166958.0,0.0,48.0
2151,0.0,1015.0,0.0,0.0,4.0,180501.0,0.0,1.0
2152,0.0,1046.0,0.0,0.0,4.0,173048.0,0.0,342.0
2153,0.0,626.0,0.0,0.0,1.0,172644.0,0.0,0.0
2154,0.0,521.0,0.0,0.0,5.0,169928.0,0.0,1.0
2155,0.0,593.0,0.0,0.0,4.0,169032.0,0.0,0.0
2156,0.0,315.0,0.0,0.0,4.0,163237.0,0.0,0.0
2157,0.0,1059.0,0.0,0.0,4.0,185431.0,0.0,0.0
2158,0.0,538.0,0.0,0.0,5.0,180539.0,0.0,0.0
2159,0.0,2728.0,0.0,0.0,3.0,163009.0,0.0,0.0
